-- Populates Customer Table
INSERT INTO Customers (fname, lname, email) VALUES ('JENNI','KAPADIA','JENNI@KAPADIA.com');
INSERT INTO Customers (fname, lname, email) VALUES ('JANISE','PATRAM','JANISE@PATRAM.com');
INSERT INTO Customers (fname, lname, email) VALUES ('JANETT','BELLEMORE','JANETT@BELLEMORE.com');
INSERT INTO Customers (fname, lname, email) VALUES ('RIGOBERTO','KOLODZIK','RIGOBERTO@KOLODZIK.com');
INSERT INTO Customers (fname, lname, email) VALUES ('EXIE','SKETO','EXIE@SKETO.com');
INSERT INTO Customers (fname, lname, email) VALUES ('LORENZO','FREHSE','LORENZO@FREHSE.com');
INSERT INTO Customers (fname, lname, email) VALUES ('SIMONNE','PEEDE','SIMONNE@PEEDE.com');
INSERT INTO Customers (fname, lname, email) VALUES ('CHAN','LIGHTER','CHAN@LIGHTER.com');
INSERT INTO Customers (fname, lname, email) VALUES ('CARMAN','KOHANEK','CARMAN@KOHANEK.com');
INSERT INTO Customers (fname, lname, email) VALUES ('CARMELLA','ALSUP','CARMELLA@ALSUP.com');
INSERT INTO Customers (fname, lname, email) VALUES ('CHANG','DELAHOZ','CHANG@DELAHOZ.com');
INSERT INTO Customers (fname, lname, email) VALUES ('DEADRA','VALENZIA','DEADRA@VALENZIA.com');
INSERT INTO Customers (fname, lname, email) VALUES ('LURLINE','SCORZELLI','LURLINE@SCORZELLI.com');
INSERT INTO Customers (fname, lname, email) VALUES ('CHASIDY','DIEKEMPER','CHASIDY@DIEKEMPER.com');
INSERT INTO Customers (fname, lname, email) VALUES ('NANA','CHARNETSKI','NANA@CHARNETSKI.com');
INSERT INTO Customers (fname, lname, email) VALUES ('SHANICE','ILK','SHANICE@ILK.com');
INSERT INTO Customers (fname, lname, email) VALUES ('BELIA','VANDERBILT','BELIA@VANDERBILT.com');
INSERT INTO Customers (fname, lname, email) VALUES ('SUZANN','MENKHAUS','SUZANN@MENKHAUS.com');
INSERT INTO Customers (fname, lname, email) VALUES ('TA','FAAMAUSILI','TA@FAAMAUSILI.com');
INSERT INTO Customers (fname, lname, email) VALUES ('ELANE','GAOIRAN','ELANE@GAOIRAN.com');
INSERT INTO Customers (fname, lname, email) VALUES ('LEIDA','VIRGADAMO','LEIDA@VIRGADAMO.com');
INSERT INTO Customers (fname, lname, email) VALUES ('MELINDA','SPRUNGER','MELINDA@SPRUNGER.com');
INSERT INTO Customers (fname, lname, email) VALUES ('LIZABETH','HALLANGER','LIZABETH@HALLANGER.com');
INSERT INTO Customers (fname, lname, email) VALUES ('CHARMAIN','WASTLER','CHARMAIN@WASTLER.com');
INSERT INTO Customers (fname, lname, email) VALUES ('VANETTA','SOTELO','VANETTA@SOTELO.com');
INSERT INTO Customers (fname, lname, email) VALUES ('ADELINE','SPEESE','ADELINE@SPEESE.com');
INSERT INTO Customers (fname, lname, email) VALUES ('MOSE','MUSTON','MOSE@MUSTON.com');
INSERT INTO Customers (fname, lname, email) VALUES ('IDALIA','WANCZYK','IDALIA@WANCZYK.com');
INSERT INTO Customers (fname, lname, email) VALUES ('KHALILAH','SIEPERT','KHALILAH@SIEPERT.com');
INSERT INTO Customers (fname, lname, email) VALUES ('ANTOINETTE','BOUN','ANTOINETTE@BOUN.com');
INSERT INTO Customers (fname, lname, email) VALUES ('HILARY','KIDA','HILARY@KIDA.com');
INSERT INTO Customers (fname, lname, email) VALUES ('EMELDA','DOUVIER','EMELDA@DOUVIER.com');
INSERT INTO Customers (fname, lname, email) VALUES ('AYANA','FLECHTNER','AYANA@FLECHTNER.com');
INSERT INTO Customers (fname, lname, email) VALUES ('MINERVA','FRIDEL','MINERVA@FRIDEL.com');
INSERT INTO Customers (fname, lname, email) VALUES ('KARI','REBOLD','KARI@REBOLD.com');
INSERT INTO Customers (fname, lname, email) VALUES ('DARA','BALSIGER','DARA@BALSIGER.com');
INSERT INTO Customers (fname, lname, email) VALUES ('SHANNAN','ACOCK','SHANNAN@ACOCK.com');
INSERT INTO Customers (fname, lname, email) VALUES ('ADINA','STEINDORF','ADINA@STEINDORF.com');
INSERT INTO Customers (fname, lname, email) VALUES ('KENDRICK','HEMMIS','KENDRICK@HEMMIS.com');
INSERT INTO Customers (fname, lname, email) VALUES ('LATOYA','HIMMELBERG','LATOYA@HIMMELBERG.com');
INSERT INTO Customers (fname, lname, email) VALUES ('JULIET','CONFORTE','JULIET@CONFORTE.com');
INSERT INTO Customers (fname, lname, email) VALUES ('EUGENA','NIZOLEK','EUGENA@NIZOLEK.com');
INSERT INTO Customers (fname, lname, email) VALUES ('ROBERT','TRELEASE','ROBERT@TRELEASE.com');
INSERT INTO Customers (fname, lname, email) VALUES ('VIOLETTE','BANAGAN','VIOLETTE@BANAGAN.com');
INSERT INTO Customers (fname, lname, email) VALUES ('ALLEN','PASION','ALLEN@PASION.com');
INSERT INTO Customers (fname, lname, email) VALUES ('ROSELLE','HEMMIS','ROSELLE@HEMMIS.com');
INSERT INTO Customers (fname, lname, email) VALUES ('RUBY','UPEGUI','RUBY@UPEGUI.com');
INSERT INTO Customers (fname, lname, email) VALUES ('LAVERNA','FRASIER','LAVERNA@FRASIER.com');
INSERT INTO Customers (fname, lname, email) VALUES ('HELGA','BLIEMEISTER','HELGA@BLIEMEISTER.com');
INSERT INTO Customers (fname, lname, email) VALUES ('BRUCE','BOXLEITNER','BRUCE@BOXLEITNER.com');

--Populates Publisher Table
INSERT INTO Publishers (name) VALUES ('Baker Book House');
INSERT INTO Publishers (name) VALUES ('Pantheon Books at Random House');
INSERT INTO Publishers (name) VALUES ('Wesleyan University Press');
INSERT INTO Publishers (name) VALUES ('Hutchinson');
INSERT INTO Publishers (name) VALUES ('Legend Books ');
INSERT INTO Publishers (name) VALUES ('Gregg Press ');
INSERT INTO Publishers (name) VALUES ('Central European University Press');
INSERT INTO Publishers (name) VALUES ('Bantam Books ');
INSERT INTO Publishers (name) VALUES ('Greenleaf Book Group');
INSERT INTO Publishers (name) VALUES ('Akashic Books ');
INSERT INTO Publishers (name) VALUES ('Harlequin Enterprises Ltd');
INSERT INTO Publishers (name) VALUES ('Newnes');
INSERT INTO Publishers (name) VALUES ('MIT Press');
INSERT INTO Publishers (name) VALUES ('Pavilion Books ');
INSERT INTO Publishers (name) VALUES ('McFarland & Company');
INSERT INTO Publishers (name) VALUES ('Boydell & Brewer');
INSERT INTO Publishers (name) VALUES ('Sussex Academic Press');
INSERT INTO Publishers (name) VALUES ('Wipf and Stock');
INSERT INTO Publishers (name) VALUES ('Ticonderoga Publications');
INSERT INTO Publishers (name) VALUES ('Holland Park Press');
INSERT INTO Publishers (name) VALUES ('Bobbs-Merrill Company ');
INSERT INTO Publishers (name) VALUES ('Carnegie Mellon University Press');
INSERT INTO Publishers (name) VALUES ('Academic Press ');
INSERT INTO Publishers (name) VALUES ('Gefen Publishing House');
INSERT INTO Publishers (name) VALUES ('Walter de Gruyter');
INSERT INTO Publishers (name) VALUES ('Mandrake Press');
INSERT INTO Publishers (name) VALUES ('New Holland Publishers');
INSERT INTO Publishers (name) VALUES ('Blackie and Son Limited');
INSERT INTO Publishers (name) VALUES ('Collector''s Guide Publishing');
INSERT INTO Publishers (name) VALUES ('Universal Publishers (United States)');
INSERT INTO Publishers (name) VALUES ('Mother Tongue Publishing');
INSERT INTO Publishers (name) VALUES ('Philosophy Documentation Center');
INSERT INTO Publishers (name) VALUES ('Scribner (UK)');
INSERT INTO Publishers (name) VALUES ('Gaspereau Press');
INSERT INTO Publishers (name) VALUES ('Manchester University Press');
INSERT INTO Publishers (name) VALUES ('Information Age Publishing');
INSERT INTO Publishers (name) VALUES ('WSOY, Finland');
INSERT INTO Publishers (name) VALUES ('Candlewick Press');
INSERT INTO Publishers (name) VALUES ('Summit Media');
INSERT INTO Publishers (name) VALUES ('Everyman''s Library');
INSERT INTO Publishers (name) VALUES ('John Lane');
INSERT INTO Publishers (name) VALUES ('Serif');
INSERT INTO Publishers (name) VALUES ('Thieme Medical Publishers');
INSERT INTO Publishers (name) VALUES ('W. H. Allen Ltd ');
INSERT INTO Publishers (name) VALUES ('Leaf Books');
INSERT INTO Publishers (name) VALUES ('Robert Hale Publishing ');
INSERT INTO Publishers (name) VALUES ('Carlton Books UK');
INSERT INTO Publishers (name) VALUES ('D. Reidel ');
INSERT INTO Publishers (name) VALUES ('CRC Press');
INSERT INTO Publishers (name) VALUES ('Parachute Publishing');
INSERT INTO Publishers (name) VALUES ('Cisco Press');
INSERT INTO Publishers (name) VALUES ('Troubador Press ');
INSERT INTO Publishers (name) VALUES ('FabJob');
INSERT INTO Publishers (name) VALUES ('Osprey Publishing');
INSERT INTO Publishers (name) VALUES ('Orion Books');
INSERT INTO Publishers (name) VALUES ('Kensington Books');
INSERT INTO Publishers (name) VALUES ('Greenleaf Publishing Ltd');
INSERT INTO Publishers (name) VALUES ('Chick Publications');
INSERT INTO Publishers (name) VALUES ('Thames & Hudson (UK)');
INSERT INTO Publishers (name) VALUES ('Grosset & Dunlap ');
INSERT INTO Publishers (name) VALUES ('Copper Canyon Press');
INSERT INTO Publishers (name) VALUES ('Virago Press');
INSERT INTO Publishers (name) VALUES ('University Press of Kentucky');
INSERT INTO Publishers (name) VALUES ('Black Library');
INSERT INTO Publishers (name) VALUES ('Abilene Christian University Press');
INSERT INTO Publishers (name) VALUES ('Harry N. Abrams, Inc.');
INSERT INTO Publishers (name) VALUES ('Etruscan Press');
INSERT INTO Publishers (name) VALUES ('BBC Books');
INSERT INTO Publishers (name) VALUES ('Other Press');
INSERT INTO Publishers (name) VALUES ('Oberon Books');
INSERT INTO Publishers (name) VALUES ('University of California Press');
INSERT INTO Publishers (name) VALUES ('Dalkey Archive Press ');
INSERT INTO Publishers (name) VALUES ('Myriad Editions');
INSERT INTO Publishers (name) VALUES ('Kumarian Press ');
INSERT INTO Publishers (name) VALUES ('City Lights Publishers');
INSERT INTO Publishers (name) VALUES ('Basic Books');
INSERT INTO Publishers (name) VALUES ('Fulcrum Press');
INSERT INTO Publishers (name) VALUES ('Packt Publishing');
INSERT INTO Publishers (name) VALUES ('HarperCollins Publishers');
INSERT INTO Publishers (name) VALUES ('NRC Research Press');
INSERT INTO Publishers (name) VALUES ('Mirage Publishing (UK) ');
INSERT INTO Publishers (name) VALUES ('Longman');
INSERT INTO Publishers (name) VALUES ('Liverpool University Press');
INSERT INTO Publishers (name) VALUES ('Pluto Press');
INSERT INTO Publishers (name) VALUES ('Hogarth Press');
INSERT INTO Publishers (name) VALUES ('Applewood Books');
INSERT INTO Publishers (name) VALUES ('Berg Publishers ');
INSERT INTO Publishers (name) VALUES ('Chambers Harrap');
INSERT INTO Publishers (name) VALUES ('No Starch Press');
INSERT INTO Publishers (name) VALUES ('Greenery Press');
INSERT INTO Publishers (name) VALUES ('Sinclair-Stevenson Ltd');
INSERT INTO Publishers (name) VALUES ('Sounds True');
INSERT INTO Publishers (name) VALUES ('Koren Publishers Jerusalem ');
INSERT INTO Publishers (name) VALUES ('Papadakis Publisher');
INSERT INTO Publishers (name) VALUES ('Apress ');
INSERT INTO Publishers (name) VALUES ('University of South Carolina Press');
INSERT INTO Publishers (name) VALUES ('Continuum International Publishing Group ');
INSERT INTO Publishers (name) VALUES ('KTAV Publishing House');
INSERT INTO Publishers (name) VALUES ('Springer Science+Business Media (formally Springer Verlag)');
INSERT INTO Publishers (name) VALUES ('Yale University Press');
INSERT INTO Publishers (name) VALUES ('Ballantine Books');
INSERT INTO Publishers (name) VALUES ('Medknow Publications');
INSERT INTO Publishers (name) VALUES ('Horizon Scientific Press (UK)');
INSERT INTO Publishers (name) VALUES ('Tor Books');
INSERT INTO Publishers (name) VALUES ('Michael O''Mara Books');
INSERT INTO Publishers (name) VALUES ('Atheneum Publishers ');
INSERT INTO Publishers (name) VALUES ('ArtScroll ');
INSERT INTO Publishers (name) VALUES ('Polity');
INSERT INTO Publishers (name) VALUES ('Parragon');
INSERT INTO Publishers (name) VALUES ('Orchard Books');
INSERT INTO Publishers (name) VALUES ('Bloomsbury Publishing Plc ');
INSERT INTO Publishers (name) VALUES ('Dick and Fitzgerald');
INSERT INTO Publishers (name) VALUES ('William Edwin Rudge');
INSERT INTO Publishers (name) VALUES ('Martinus Nijhoff Publishers ');
INSERT INTO Publishers (name) VALUES ('Prentice Hall');
INSERT INTO Publishers (name) VALUES ('O''Reilly Media');
INSERT INTO Publishers (name) VALUES ('Twelveheads Press');
INSERT INTO Publishers (name) VALUES ('Crown Publishing Group ');
INSERT INTO Publishers (name) VALUES ('Woodhead Publishing');
INSERT INTO Publishers (name) VALUES ('A. C. McClurg');
INSERT INTO Publishers (name) VALUES ('HMSO');
INSERT INTO Publishers (name) VALUES ('Crocker & Brewster');
INSERT INTO Publishers (name) VALUES ('University of Akron Press');
INSERT INTO Publishers (name) VALUES ('Bowes & Bowes');
INSERT INTO Publishers (name) VALUES ('NYRB Classics');
INSERT INTO Publishers (name) VALUES ('Emerald Group Publishing');
INSERT INTO Publishers (name) VALUES ('SPCK');
INSERT INTO Publishers (name) VALUES ('Phaidon Press');
INSERT INTO Publishers (name) VALUES ('Marshall Cavendish');
INSERT INTO Publishers (name) VALUES ('Tupelo Press');
INSERT INTO Publishers (name) VALUES ('John Wiley & Sons (Wiley)');
INSERT INTO Publishers (name) VALUES ('Virgin Publishing');
INSERT INTO Publishers (name) VALUES ('Prometheus Books');
INSERT INTO Publishers (name) VALUES ('Que Publishing');
INSERT INTO Publishers (name) VALUES ('Target Books ');
INSERT INTO Publishers (name) VALUES ('The Good Book Company (UK)');
INSERT INTO Publishers (name) VALUES ('Dedalus Books');
INSERT INTO Publishers (name) VALUES ('Collins');
INSERT INTO Publishers (name) VALUES ('Tartarus Press');
INSERT INTO Publishers (name) VALUES ('John Murray');
INSERT INTO Publishers (name) VALUES ('Ignatius Press');
INSERT INTO Publishers (name) VALUES ('Third World Press');
INSERT INTO Publishers (name) VALUES ('Baen Books');
INSERT INTO Publishers (name) VALUES ('Mapin Publishing');
INSERT INTO Publishers (name) VALUES ('Island Press');
INSERT INTO Publishers (name) VALUES ('Viking Press ');
INSERT INTO Publishers (name) VALUES ('Poisoned Pen Press');
INSERT INTO Publishers (name) VALUES ('InterVarsity Press ');
INSERT INTO Publishers (name) VALUES ('Good News Publishers');
INSERT INTO Publishers (name) VALUES ('ATOM Books ');
INSERT INTO Publishers (name) VALUES ('Two Dollar Radio');
INSERT INTO Publishers (name) VALUES ('Wrecking Ball Press');
INSERT INTO Publishers (name) VALUES ('Open University Press');
INSERT INTO Publishers (name) VALUES ('Free Press');
INSERT INTO Publishers (name) VALUES ('B & W Publishing');
INSERT INTO Publishers (name) VALUES ('Rowman & Littlefield');
INSERT INTO Publishers (name) VALUES ('Secker & Warburg');
INSERT INTO Publishers (name) VALUES ('Paulist Press');
INSERT INTO Publishers (name) VALUES ('George H. Doran Company');
INSERT INTO Publishers (name) VALUES ('Policy Press');
INSERT INTO Publishers (name) VALUES ('Kluwer Academic Publishers');
INSERT INTO Publishers (name) VALUES ('Top Shelf Productions');
INSERT INTO Publishers (name) VALUES ('Frederick Fell Publishers, Inc.');
INSERT INTO Publishers (name) VALUES ('Arcadia Publishing ');
INSERT INTO Publishers (name) VALUES ('Carlton Publishing Group UK');
INSERT INTO Publishers (name) VALUES ('Sams Publishing');
INSERT INTO Publishers (name) VALUES ('Puffin Books ');
INSERT INTO Publishers (name) VALUES ('Holt McDougal');
INSERT INTO Publishers (name) VALUES ('Bloodaxe Books');
INSERT INTO Publishers (name) VALUES ('Libertas Academica');
INSERT INTO Publishers (name) VALUES ('Eel Pie Publishing');
INSERT INTO Publishers (name) VALUES ('Hachette Book Group USA');
INSERT INTO Publishers (name) VALUES ('Northwestern University Press');
INSERT INTO Publishers (name) VALUES ('Aunt Lute Books ');
INSERT INTO Publishers (name) VALUES ('Pimlico Books at Random House');
INSERT INTO Publishers (name) VALUES ('Columbia University Press');
INSERT INTO Publishers (name) VALUES ('The Miegunyah Press');
INSERT INTO Publishers (name) VALUES ('Arcade Publishing');
INSERT INTO Publishers (name) VALUES ('Penn State University Press');
INSERT INTO Publishers (name) VALUES ('SUNY Press');
INSERT INTO Publishers (name) VALUES ('Heinemann ');
INSERT INTO Publishers (name) VALUES ('Salt Publishing');
INSERT INTO Publishers (name) VALUES ('Stein and Day ');
INSERT INTO Publishers (name) VALUES ('Progress Publishers');
INSERT INTO Publishers (name) VALUES ('Schocken Books');
INSERT INTO Publishers (name) VALUES ('Borgo Press ');
INSERT INTO Publishers (name) VALUES ('Goops Unlimited');
INSERT INTO Publishers (name) VALUES ('Grafton');
INSERT INTO Publishers (name) VALUES ('Triangle Books ');
INSERT INTO Publishers (name) VALUES ('Kogan Page ');
INSERT INTO Publishers (name) VALUES ('Miles Kelly Publishing');
INSERT INTO Publishers (name) VALUES ('Blue Ribbon Books, Garden City, New York');
INSERT INTO Publishers (name) VALUES ('Ten Speed Press');
INSERT INTO Publishers (name) VALUES ('Pecan Grove Press');
INSERT INTO Publishers (name) VALUES ('G. P. Putnam''s Sons');
INSERT INTO Publishers (name) VALUES ('Sylvan Dell Publishing');
INSERT INTO Publishers (name) VALUES ('Canongate Books');
INSERT INTO Publishers (name) VALUES ('Farrar, Straus & Giroux ');
INSERT INTO Publishers (name) VALUES ('Kessinger Publishing');


-- Populates Purchases Table
INSERT INTO Purchases (customerId, purchDate) VALUES (50, '2016-04-28 18:24:12');
INSERT INTO Purchases (customerId, purchDate) VALUES (15, '2016-08-09 08:28:52');
INSERT INTO Purchases (customerId, purchDate) VALUES (3, '2014-02-19 12:12:53');
INSERT INTO Purchases (customerId, purchDate) VALUES (23, '2014-07-31 02:30:03');
INSERT INTO Purchases (customerId, purchDate) VALUES (47, '2015-01-16 08:29:41');
INSERT INTO Purchases (customerId, purchDate) VALUES (7, '2015-11-14 12:42:28');
INSERT INTO Purchases (customerId, purchDate) VALUES (27, '2015-07-10 05:05:53');
INSERT INTO Purchases (customerId, purchDate) VALUES (34, '2015-12-26 08:58:24');
INSERT INTO Purchases (customerId, purchDate) VALUES (3, '2013-05-14 07:00:01');
INSERT INTO Purchases (customerId, purchDate) VALUES (5, '2012-12-29 11:47:06');
INSERT INTO Purchases (customerId, purchDate) VALUES (40, '2015-04-29 07:40:10');
INSERT INTO Purchases (customerId, purchDate) VALUES (46, '2013-11-19 17:01:26');
INSERT INTO Purchases (customerId, purchDate) VALUES (34, '2013-09-29 21:39:27');
INSERT INTO Purchases (customerId, purchDate) VALUES (36, '2016-01-01 09:41:55');
INSERT INTO Purchases (customerId, purchDate) VALUES (28, '2015-01-24 18:13:03');
INSERT INTO Purchases (customerId, purchDate) VALUES (38, '2015-10-22 11:52:49');
INSERT INTO Purchases (customerId, purchDate) VALUES (40, '2016-08-10 12:59:03');
INSERT INTO Purchases (customerId, purchDate) VALUES (17, '2013-01-16 22:26:44');
INSERT INTO Purchases (customerId, purchDate) VALUES (24, '2014-07-20 17:52:20');
INSERT INTO Purchases (customerId, purchDate) VALUES (1, '2012-12-18 22:31:38');
INSERT INTO Purchases (customerId, purchDate) VALUES (27, '2014-06-23 10:09:39');
INSERT INTO Purchases (customerId, purchDate) VALUES (3, '2016-04-20 23:41:07');
INSERT INTO Purchases (customerId, purchDate) VALUES (3, '2013-02-06 22:12:27');
INSERT INTO Purchases (customerId, purchDate) VALUES (47, '2014-02-18 04:48:41');
INSERT INTO Purchases (customerId, purchDate) VALUES (30, '2013-10-15 04:16:19');
INSERT INTO Purchases (customerId, purchDate) VALUES (15, '2016-05-01 16:26:53');
INSERT INTO Purchases (customerId, purchDate) VALUES (45, '2016-05-05 23:25:37');
INSERT INTO Purchases (customerId, purchDate) VALUES (46, '2015-01-01 14:24:16');
INSERT INTO Purchases (customerId, purchDate) VALUES (37, '2015-08-25 04:19:53');
INSERT INTO Purchases (customerId, purchDate) VALUES (26, '2016-08-01 13:08:30');
INSERT INTO Purchases (customerId, purchDate) VALUES (9, '2014-10-10 03:25:49');
INSERT INTO Purchases (customerId, purchDate) VALUES (14, '2013-03-11 04:54:17');
INSERT INTO Purchases (customerId, purchDate) VALUES (35, '2013-01-08 19:42:59');
INSERT INTO Purchases (customerId, purchDate) VALUES (3, '2014-10-25 20:05:50');
INSERT INTO Purchases (customerId, purchDate) VALUES (45, '2016-01-04 16:16:58');
INSERT INTO Purchases (customerId, purchDate) VALUES (38, '2016-03-17 19:24:10');
INSERT INTO Purchases (customerId, purchDate) VALUES (14, '2015-05-09 17:03:55');
INSERT INTO Purchases (customerId, purchDate) VALUES (37, '2016-03-11 01:29:12');
INSERT INTO Purchases (customerId, purchDate) VALUES (46, '2014-08-25 19:57:57');
INSERT INTO Purchases (customerId, purchDate) VALUES (43, '2013-02-25 22:54:09');
INSERT INTO Purchases (customerId, purchDate) VALUES (21, '2014-04-22 22:26:02');
INSERT INTO Purchases (customerId, purchDate) VALUES (48, '2013-03-23 14:04:54');
INSERT INTO Purchases (customerId, purchDate) VALUES (31, '2016-03-03 03:15:51');
INSERT INTO Purchases (customerId, purchDate) VALUES (5, '2012-11-10 02:01:02');
INSERT INTO Purchases (customerId, purchDate) VALUES (25, '2015-11-26 22:36:24');
INSERT INTO Purchases (customerId, purchDate) VALUES (22, '2015-11-10 06:13:06');
INSERT INTO Purchases (customerId, purchDate) VALUES (21, '2016-06-19 15:26:01');
INSERT INTO Purchases (customerId, purchDate) VALUES (42, '2015-06-06 03:34:53');
INSERT INTO Purchases (customerId, purchDate) VALUES (27, '2014-07-25 13:45:55');
INSERT INTO Purchases (customerId, purchDate) VALUES (30, '2015-02-18 04:09:12');
INSERT INTO Purchases (customerId, purchDate) VALUES (35, '2015-09-21 04:37:13');
INSERT INTO Purchases (customerId, purchDate) VALUES (32, '2012-09-30 08:26:48');
INSERT INTO Purchases (customerId, purchDate) VALUES (1, '2013-01-14 21:31:02');
INSERT INTO Purchases (customerId, purchDate) VALUES (21, '2014-11-23 04:01:55');
INSERT INTO Purchases (customerId, purchDate) VALUES (13, '2013-01-19 13:59:40');
INSERT INTO Purchases (customerId, purchDate) VALUES (48, '2014-09-24 23:44:47');
INSERT INTO Purchases (customerId, purchDate) VALUES (23, '2013-10-17 00:14:44');
INSERT INTO Purchases (customerId, purchDate) VALUES (42, '2015-08-05 16:36:27');
INSERT INTO Purchases (customerId, purchDate) VALUES (39, '2014-07-13 08:07:42');
INSERT INTO Purchases (customerId, purchDate) VALUES (23, '2015-06-18 23:00:03');
INSERT INTO Purchases (customerId, purchDate) VALUES (16, '2012-11-09 02:25:34');
INSERT INTO Purchases (customerId, purchDate) VALUES (3, '2014-11-27 22:38:13');
INSERT INTO Purchases (customerId, purchDate) VALUES (42, '2013-03-08 13:04:03');
INSERT INTO Purchases (customerId, purchDate) VALUES (12, '2013-03-13 08:29:31');
INSERT INTO Purchases (customerId, purchDate) VALUES (4, '2013-05-28 06:20:38');
INSERT INTO Purchases (customerId, purchDate) VALUES (28, '2014-11-01 04:44:29');
INSERT INTO Purchases (customerId, purchDate) VALUES (36, '2014-12-09 06:34:18');
INSERT INTO Purchases (customerId, purchDate) VALUES (46, '2013-03-05 02:31:47');
INSERT INTO Purchases (customerId, purchDate) VALUES (1, '2014-03-22 23:34:45');
INSERT INTO Purchases (customerId, purchDate) VALUES (31, '2012-08-24 04:25:05');
INSERT INTO Purchases (customerId, purchDate) VALUES (26, '2014-10-29 15:08:18');
INSERT INTO Purchases (customerId, purchDate) VALUES (36, '2016-02-13 05:51:49');
INSERT INTO Purchases (customerId, purchDate) VALUES (30, '2012-09-14 09:29:41');
INSERT INTO Purchases (customerId, purchDate) VALUES (22, '2014-06-19 09:14:10');
INSERT INTO Purchases (customerId, purchDate) VALUES (30, '2016-05-24 00:23:30');
INSERT INTO Purchases (customerId, purchDate) VALUES (14, '2012-11-20 05:56:11');
INSERT INTO Purchases (customerId, purchDate) VALUES (31, '2016-01-06 22:54:55');
INSERT INTO Purchases (customerId, purchDate) VALUES (40, '2015-04-05 12:38:01');
INSERT INTO Purchases (customerId, purchDate) VALUES (5, '2013-05-20 18:41:45');
INSERT INTO Purchases (customerId, purchDate) VALUES (49, '2014-11-14 14:03:00');
INSERT INTO Purchases (customerId, purchDate) VALUES (39, '2013-07-02 15:49:03');
INSERT INTO Purchases (customerId, purchDate) VALUES (8, '2015-11-05 09:45:54');
INSERT INTO Purchases (customerId, purchDate) VALUES (21, '2014-07-03 00:55:57');
INSERT INTO Purchases (customerId, purchDate) VALUES (23, '2014-06-15 20:43:42');
INSERT INTO Purchases (customerId, purchDate) VALUES (39, '2016-08-10 18:18:50');
INSERT INTO Purchases (customerId, purchDate) VALUES (17, '2015-02-10 04:00:40');
INSERT INTO Purchases (customerId, purchDate) VALUES (9, '2012-11-14 17:19:04');
INSERT INTO Purchases (customerId, purchDate) VALUES (38, '2016-03-13 07:05:51');
INSERT INTO Purchases (customerId, purchDate) VALUES (9, '2014-03-18 04:16:42');
INSERT INTO Purchases (customerId, purchDate) VALUES (21, '2013-07-03 08:27:53');
INSERT INTO Purchases (customerId, purchDate) VALUES (7, '2014-02-16 03:33:04');
INSERT INTO Purchases (customerId, purchDate) VALUES (50, '2013-01-21 08:26:53');
INSERT INTO Purchases (customerId, purchDate) VALUES (41, '2014-02-26 11:51:16');
INSERT INTO Purchases (customerId, purchDate) VALUES (37, '2015-11-10 00:43:04');
INSERT INTO Purchases (customerId, purchDate) VALUES (34, '2016-07-22 13:33:06');
INSERT INTO Purchases (customerId, purchDate) VALUES (10, '2015-09-30 10:04:43');
INSERT INTO Purchases (customerId, purchDate) VALUES (13, '2015-10-11 23:18:57');
INSERT INTO Purchases (customerId, purchDate) VALUES (26, '2012-12-23 00:35:14');
INSERT INTO Purchases (customerId, purchDate) VALUES (40, '2015-11-29 00:08:34');
INSERT INTO Purchases (customerId, purchDate) VALUES (2, '2016-03-10 00:25:39');
INSERT INTO Purchases (customerId, purchDate) VALUES (3, '2015-11-03 02:17:33');
INSERT INTO Purchases (customerId, purchDate) VALUES (49, '2016-03-03 19:03:14');
INSERT INTO Purchases (customerId, purchDate) VALUES (13, '2012-07-05 09:11:53');
INSERT INTO Purchases (customerId, purchDate) VALUES (44, '2016-08-09 11:19:06');
INSERT INTO Purchases (customerId, purchDate) VALUES (14, '2016-05-27 13:30:39');
INSERT INTO Purchases (customerId, purchDate) VALUES (33, '2012-08-01 17:44:20');
INSERT INTO Purchases (customerId, purchDate) VALUES (17, '2015-01-07 23:54:06');
INSERT INTO Purchases (customerId, purchDate) VALUES (33, '2013-05-13 19:16:38');
INSERT INTO Purchases (customerId, purchDate) VALUES (12, '2013-08-22 18:31:16');
INSERT INTO Purchases (customerId, purchDate) VALUES (24, '2015-08-04 06:05:33');
INSERT INTO Purchases (customerId, purchDate) VALUES (6, '2014-08-07 02:29:22');
INSERT INTO Purchases (customerId, purchDate) VALUES (31, '2013-10-27 22:36:12');
INSERT INTO Purchases (customerId, purchDate) VALUES (44, '2013-10-19 09:55:19');
INSERT INTO Purchases (customerId, purchDate) VALUES (31, '2014-05-31 13:09:38');
INSERT INTO Purchases (customerId, purchDate) VALUES (46, '2016-08-05 01:25:08');
INSERT INTO Purchases (customerId, purchDate) VALUES (46, '2013-06-05 08:08:10');
INSERT INTO Purchases (customerId, purchDate) VALUES (21, '2016-03-28 07:29:27');
INSERT INTO Purchases (customerId, purchDate) VALUES (31, '2013-03-25 09:45:02');
INSERT INTO Purchases (customerId, purchDate) VALUES (15, '2015-10-22 09:27:53');
INSERT INTO Purchases (customerId, purchDate) VALUES (50, '2015-11-18 17:24:28');
INSERT INTO Purchases (customerId, purchDate) VALUES (40, '2013-04-16 23:51:12');
INSERT INTO Purchases (customerId, purchDate) VALUES (50, '2015-03-12 00:40:20');
INSERT INTO Purchases (customerId, purchDate) VALUES (21, '2013-06-17 01:21:05');
INSERT INTO Purchases (customerId, purchDate) VALUES (19, '2015-07-23 03:11:41');
INSERT INTO Purchases (customerId, purchDate) VALUES (34, '2016-03-26 16:43:09');
INSERT INTO Purchases (customerId, purchDate) VALUES (42, '2013-05-12 23:03:42');
INSERT INTO Purchases (customerId, purchDate) VALUES (2, '2014-10-31 13:06:32');
INSERT INTO Purchases (customerId, purchDate) VALUES (19, '2013-11-28 18:38:53');
INSERT INTO Purchases (customerId, purchDate) VALUES (34, '2013-11-05 10:59:52');
INSERT INTO Purchases (customerId, purchDate) VALUES (28, '2015-03-17 20:25:27');
INSERT INTO Purchases (customerId, purchDate) VALUES (12, '2014-01-24 14:56:13');
INSERT INTO Purchases (customerId, purchDate) VALUES (12, '2013-09-02 22:05:44');
INSERT INTO Purchases (customerId, purchDate) VALUES (40, '2015-09-09 00:32:36');
INSERT INTO Purchases (customerId, purchDate) VALUES (28, '2015-01-25 05:11:21');
INSERT INTO Purchases (customerId, purchDate) VALUES (45, '2014-05-17 13:35:57');
INSERT INTO Purchases (customerId, purchDate) VALUES (28, '2014-06-16 18:47:58');
INSERT INTO Purchases (customerId, purchDate) VALUES (31, '2013-05-06 04:59:16');
INSERT INTO Purchases (customerId, purchDate) VALUES (34, '2012-12-22 09:33:17');
INSERT INTO Purchases (customerId, purchDate) VALUES (11, '2012-10-09 11:18:05');
INSERT INTO Purchases (customerId, purchDate) VALUES (43, '2012-07-12 15:50:52');
INSERT INTO Purchases (customerId, purchDate) VALUES (14, '2014-05-21 12:26:04');
INSERT INTO Purchases (customerId, purchDate) VALUES (17, '2016-06-24 15:04:34');
INSERT INTO Purchases (customerId, purchDate) VALUES (45, '2014-06-10 01:19:04');
INSERT INTO Purchases (customerId, purchDate) VALUES (36, '2015-04-03 01:50:31');
INSERT INTO Purchases (customerId, purchDate) VALUES (8, '2012-11-26 16:15:08');
INSERT INTO Purchases (customerId, purchDate) VALUES (20, '2013-05-24 10:09:59');
INSERT INTO Purchases (customerId, purchDate) VALUES (4, '2015-06-23 21:09:44');
INSERT INTO Purchases (customerId, purchDate) VALUES (2, '2014-06-02 06:02:05');
INSERT INTO Purchases (customerId, purchDate) VALUES (17, '2015-07-19 03:07:53');
INSERT INTO Purchases (customerId, purchDate) VALUES (16, '2016-05-19 00:14:50');
INSERT INTO Purchases (customerId, purchDate) VALUES (17, '2014-11-09 20:04:34');
INSERT INTO Purchases (customerId, purchDate) VALUES (4, '2015-06-30 02:28:54');
INSERT INTO Purchases (customerId, purchDate) VALUES (9, '2015-06-07 23:11:12');
INSERT INTO Purchases (customerId, purchDate) VALUES (36, '2015-09-24 20:34:30');
INSERT INTO Purchases (customerId, purchDate) VALUES (39, '2013-01-01 03:02:07');
INSERT INTO Purchases (customerId, purchDate) VALUES (40, '2015-08-29 03:56:11');
INSERT INTO Purchases (customerId, purchDate) VALUES (31, '2016-04-15 09:40:19');
INSERT INTO Purchases (customerId, purchDate) VALUES (6, '2014-07-02 18:43:33');
INSERT INTO Purchases (customerId, purchDate) VALUES (40, '2013-01-08 10:51:54');
INSERT INTO Purchases (customerId, purchDate) VALUES (21, '2014-07-12 00:46:31');
INSERT INTO Purchases (customerId, purchDate) VALUES (8, '2014-03-31 08:42:27');
INSERT INTO Purchases (customerId, purchDate) VALUES (18, '2012-09-06 14:44:31');
INSERT INTO Purchases (customerId, purchDate) VALUES (31, '2015-10-21 04:55:46');
INSERT INTO Purchases (customerId, purchDate) VALUES (40, '2014-08-08 23:53:56');
INSERT INTO Purchases (customerId, purchDate) VALUES (14, '2012-08-30 05:53:35');
INSERT INTO Purchases (customerId, purchDate) VALUES (42, '2016-02-23 23:39:59');
INSERT INTO Purchases (customerId, purchDate) VALUES (23, '2012-11-07 02:24:37');
INSERT INTO Purchases (customerId, purchDate) VALUES (43, '2012-10-12 00:20:13');
INSERT INTO Purchases (customerId, purchDate) VALUES (23, '2016-01-27 04:43:39');
INSERT INTO Purchases (customerId, purchDate) VALUES (23, '2012-07-10 17:58:15');
INSERT INTO Purchases (customerId, purchDate) VALUES (39, '2015-08-01 01:17:02');
INSERT INTO Purchases (customerId, purchDate) VALUES (9, '2015-06-21 10:50:12');
INSERT INTO Purchases (customerId, purchDate) VALUES (41, '2014-10-27 00:57:18');
INSERT INTO Purchases (customerId, purchDate) VALUES (2, '2013-10-06 17:40:21');
INSERT INTO Purchases (customerId, purchDate) VALUES (33, '2014-10-22 14:15:42');
INSERT INTO Purchases (customerId, purchDate) VALUES (30, '2014-07-13 07:21:10');
INSERT INTO Purchases (customerId, purchDate) VALUES (11, '2015-06-15 12:41:50');
INSERT INTO Purchases (customerId, purchDate) VALUES (42, '2014-05-10 23:33:44');
INSERT INTO Purchases (customerId, purchDate) VALUES (13, '2014-07-05 00:54:29');
INSERT INTO Purchases (customerId, purchDate) VALUES (47, '2012-07-22 10:50:26');
INSERT INTO Purchases (customerId, purchDate) VALUES (33, '2014-11-08 20:35:39');
INSERT INTO Purchases (customerId, purchDate) VALUES (46, '2015-02-17 19:33:02');
INSERT INTO Purchases (customerId, purchDate) VALUES (23, '2016-01-10 03:23:53');
INSERT INTO Purchases (customerId, purchDate) VALUES (4, '2014-09-25 06:18:54');
INSERT INTO Purchases (customerId, purchDate) VALUES (40, '2014-08-21 18:15:51');
INSERT INTO Purchases (customerId, purchDate) VALUES (4, '2015-01-18 13:36:22');
INSERT INTO Purchases (customerId, purchDate) VALUES (9, '2016-07-30 18:31:08');
INSERT INTO Purchases (customerId, purchDate) VALUES (4, '2013-10-01 17:55:25');
INSERT INTO Purchases (customerId, purchDate) VALUES (20, '2013-01-07 13:17:24');
INSERT INTO Purchases (customerId, purchDate) VALUES (18, '2014-11-27 12:42:33');
INSERT INTO Purchases (customerId, purchDate) VALUES (17, '2013-12-08 22:33:20');
INSERT INTO Purchases (customerId, purchDate) VALUES (22, '2013-01-25 20:21:03');
INSERT INTO Purchases (customerId, purchDate) VALUES (29, '2014-11-06 17:03:26');
INSERT INTO Purchases (customerId, purchDate) VALUES (34, '2013-10-17 03:17:33');
INSERT INTO Purchases (customerId, purchDate) VALUES (28, '2013-12-30 08:43:33');
INSERT INTO Purchases (customerId, purchDate) VALUES (48, '2013-10-24 23:30:40');
INSERT INTO Purchases (customerId, purchDate) VALUES (35, '2016-07-01 20:00:00');
INSERT INTO Purchases (customerId, purchDate) VALUES (9, '2016-07-10 00:56:34');
INSERT INTO Purchases (customerId, purchDate) VALUES (20, '2016-05-28 19:08:26');

-- Populates Authors
INSERT INTO Authors (fname, lname) VALUES ('James','Joyce');
INSERT INTO Authors (fname, lname) VALUES ('F.','Fitzgerald');
INSERT INTO Authors (fname, lname) VALUES ('James','Joyce');
INSERT INTO Authors (fname, lname) VALUES ('Vladimir','Nabokov');
INSERT INTO Authors (fname, lname) VALUES ('Aldous','Huxley');
INSERT INTO Authors (fname, lname) VALUES ('William','Faulkner');
INSERT INTO Authors (fname, lname) VALUES ('Joseph','Heller');
INSERT INTO Authors (fname, lname) VALUES ('Arthur','Koestler');
INSERT INTO Authors (fname, lname) VALUES ('D.H.','Lawrence');
INSERT INTO Authors (fname, lname) VALUES ('John','Steinbeck');
INSERT INTO Authors (fname, lname) VALUES ('Malcolm','Lowry');
INSERT INTO Authors (fname, lname) VALUES ('Samuel','Butler');
INSERT INTO Authors (fname, lname) VALUES ('George','Orwell');
INSERT INTO Authors (fname, lname) VALUES ('Robert','Graves');
INSERT INTO Authors (fname, lname) VALUES ('Virginia','Woolf');
INSERT INTO Authors (fname, lname) VALUES ('Theodore','Dreiser');
INSERT INTO Authors (fname, lname) VALUES ('Carson','McCullers');
INSERT INTO Authors (fname, lname) VALUES ('Kurt','Vonnegut');
INSERT INTO Authors (fname, lname) VALUES ('Ralph','Ellison');
INSERT INTO Authors (fname, lname) VALUES ('Richard','Wright');
INSERT INTO Authors (fname, lname) VALUES ('Saul','Bellow');
INSERT INTO Authors (fname, lname) VALUES ('John','O’Hara');
INSERT INTO Authors (fname, lname) VALUES ('John','Passos');
INSERT INTO Authors (fname, lname) VALUES ('Sherwood','Anderson');
INSERT INTO Authors (fname, lname) VALUES ('E.M.','Forster');
INSERT INTO Authors (fname, lname) VALUES ('Henry','James');
INSERT INTO Authors (fname, lname) VALUES ('Henry','James');
INSERT INTO Authors (fname, lname) VALUES ('F.','Fitzgerald');
INSERT INTO Authors (fname, lname) VALUES ('James','Farrell');
INSERT INTO Authors (fname, lname) VALUES ('Ford','Ford');
INSERT INTO Authors (fname, lname) VALUES ('George','Orwell');
INSERT INTO Authors (fname, lname) VALUES ('Henry','James');
INSERT INTO Authors (fname, lname) VALUES ('Theodore','Dreiser');
INSERT INTO Authors (fname, lname) VALUES ('Evelyn','Waugh');
INSERT INTO Authors (fname, lname) VALUES ('William','Faulkner');
INSERT INTO Authors (fname, lname) VALUES ('Robert','Warren');
INSERT INTO Authors (fname, lname) VALUES ('Thornton','Wilder');
INSERT INTO Authors (fname, lname) VALUES ('E.M.','Forster');
INSERT INTO Authors (fname, lname) VALUES ('James','Baldwin');
INSERT INTO Authors (fname, lname) VALUES ('Graham','Greene');
INSERT INTO Authors (fname, lname) VALUES ('William','Golding');
INSERT INTO Authors (fname, lname) VALUES ('James','Dickey');
INSERT INTO Authors (fname, lname) VALUES ('Anthony','Powell');
INSERT INTO Authors (fname, lname) VALUES ('Aldous','Huxley');
INSERT INTO Authors (fname, lname) VALUES ('Ernest','Hemingway');
INSERT INTO Authors (fname, lname) VALUES ('Joseph','Conrad');
INSERT INTO Authors (fname, lname) VALUES ('Joseph','Conrad');
INSERT INTO Authors (fname, lname) VALUES ('D.H.','Lawrence');
INSERT INTO Authors (fname, lname) VALUES ('D.H.','Lawrence');
INSERT INTO Authors (fname, lname) VALUES ('Henry','Miller');
INSERT INTO Authors (fname, lname) VALUES ('Norman','Mailer');
INSERT INTO Authors (fname, lname) VALUES ('Philip','Roth');
INSERT INTO Authors (fname, lname) VALUES ('Vladimir','Nabokov');
INSERT INTO Authors (fname, lname) VALUES ('William','Faulkner');
INSERT INTO Authors (fname, lname) VALUES ('Jack','Kerouac');
INSERT INTO Authors (fname, lname) VALUES ('Dashiell','Hammett');
INSERT INTO Authors (fname, lname) VALUES ('Ford','Ford');
INSERT INTO Authors (fname, lname) VALUES ('Edith','Wharton');
INSERT INTO Authors (fname, lname) VALUES ('Max','Beerbohm');
INSERT INTO Authors (fname, lname) VALUES ('Walker','Percy');
INSERT INTO Authors (fname, lname) VALUES ('Willa','Cather');
INSERT INTO Authors (fname, lname) VALUES ('James','Jones');
INSERT INTO Authors (fname, lname) VALUES ('John','Cheever');
INSERT INTO Authors (fname, lname) VALUES ('J.D.','Salinger');
INSERT INTO Authors (fname, lname) VALUES ('Anthony','Burgess');
INSERT INTO Authors (fname, lname) VALUES ('W.','Maugham');
INSERT INTO Authors (fname, lname) VALUES ('Joseph','Conrad');
INSERT INTO Authors (fname, lname) VALUES ('Sinclair','Lewis');
INSERT INTO Authors (fname, lname) VALUES ('Edith','Wharton');
INSERT INTO Authors (fname, lname) VALUES ('Lawrence','Durell');
INSERT INTO Authors (fname, lname) VALUES ('Richard','Hughes');
INSERT INTO Authors (fname, lname) VALUES ('V.S.','Naipaul');
INSERT INTO Authors (fname, lname) VALUES ('Nathanael','West');
INSERT INTO Authors (fname, lname) VALUES ('Ernest','Hemingway');
INSERT INTO Authors (fname, lname) VALUES ('Evelyn','Waugh');
INSERT INTO Authors (fname, lname) VALUES ('Muriel','Spark');
INSERT INTO Authors (fname, lname) VALUES ('James','Joyce');
INSERT INTO Authors (fname, lname) VALUES ('Rudyard','Kipling');
INSERT INTO Authors (fname, lname) VALUES ('E.M.','Forster');
INSERT INTO Authors (fname, lname) VALUES ('Evelyn','Waugh');
INSERT INTO Authors (fname, lname) VALUES ('Saul','Bellow');
INSERT INTO Authors (fname, lname) VALUES ('Wallace','Stegner');
INSERT INTO Authors (fname, lname) VALUES ('V.S.','Naipaul');
INSERT INTO Authors (fname, lname) VALUES ('Elizabeth','Bowen');
INSERT INTO Authors (fname, lname) VALUES ('Joseph','Conrad');
INSERT INTO Authors (fname, lname) VALUES ('E.L.','Doctorow');
INSERT INTO Authors (fname, lname) VALUES ('Arnold','Bennett');
INSERT INTO Authors (fname, lname) VALUES ('Jack','London');
INSERT INTO Authors (fname, lname) VALUES ('Henry','Green');
INSERT INTO Authors (fname, lname) VALUES ('Salman','Rushdie');
INSERT INTO Authors (fname, lname) VALUES ('Erskine','Caldwell');
INSERT INTO Authors (fname, lname) VALUES ('William','Kennedy');
INSERT INTO Authors (fname, lname) VALUES ('John','Fowles');
INSERT INTO Authors (fname, lname) VALUES ('Jean','Rhys');
INSERT INTO Authors (fname, lname) VALUES ('Iris','Murdoch');
INSERT INTO Authors (fname, lname) VALUES ('William','Styron');
INSERT INTO Authors (fname, lname) VALUES ('Paul','Bowles');
INSERT INTO Authors (fname, lname) VALUES ('James','Cain');
INSERT INTO Authors (fname, lname) VALUES ('J.P.','Donleavy');
INSERT INTO Authors (fname, lname) VALUES ('Booth','Tarkington');
INSERT INTO Authors (fname, lname) VALUES ('Ayn','Rand');
INSERT INTO Authors (fname, lname) VALUES ('Ayn','Rand');
INSERT INTO Authors (fname, lname) VALUES ('L.','Hubbard');
INSERT INTO Authors (fname, lname) VALUES ('J.R.R.','Tolkien');
INSERT INTO Authors (fname, lname) VALUES ('Harper','Lee');
INSERT INTO Authors (fname, lname) VALUES ('George','Orwell');
INSERT INTO Authors (fname, lname) VALUES ('Ayn','Rand');
INSERT INTO Authors (fname, lname) VALUES ('Ayn','Rand');
INSERT INTO Authors (fname, lname) VALUES ('L.','Hubbard');
INSERT INTO Authors (fname, lname) VALUES ('L.','Hubbard');
INSERT INTO Authors (fname, lname) VALUES ('James','Joyce');
INSERT INTO Authors (fname, lname) VALUES ('Joseph','Heller');
INSERT INTO Authors (fname, lname) VALUES ('F.','Fitzgerald');
INSERT INTO Authors (fname, lname) VALUES ('Frank','Herbert');
INSERT INTO Authors (fname, lname) VALUES ('Robert','Heinlein');
INSERT INTO Authors (fname, lname) VALUES ('Robert','Heinlein');
INSERT INTO Authors (fname, lname) VALUES ('Nevil','Shute');
INSERT INTO Authors (fname, lname) VALUES ('Aldous','Huxley');
INSERT INTO Authors (fname, lname) VALUES ('J.D.','Salinger');
INSERT INTO Authors (fname, lname) VALUES ('George','Orwell');
INSERT INTO Authors (fname, lname) VALUES ('Thomas','Pynchon');
INSERT INTO Authors (fname, lname) VALUES ('John','Steinbeck');
INSERT INTO Authors (fname, lname) VALUES ('Kurt','Vonnegut');
INSERT INTO Authors (fname, lname) VALUES ('Margaret','Mitchell');
INSERT INTO Authors (fname, lname) VALUES ('William','Golding');
INSERT INTO Authors (fname, lname) VALUES ('Jack','Schaefer');
INSERT INTO Authors (fname, lname) VALUES ('Nevil','Shute');
INSERT INTO Authors (fname, lname) VALUES ('John','Irving');
INSERT INTO Authors (fname, lname) VALUES ('Stephen','King');
INSERT INTO Authors (fname, lname) VALUES ('John','Fowles');
INSERT INTO Authors (fname, lname) VALUES ('Toni','Morrison');
INSERT INTO Authors (fname, lname) VALUES ('E.R.','Eddison');
INSERT INTO Authors (fname, lname) VALUES ('William','Faulkner');
INSERT INTO Authors (fname, lname) VALUES ('Vladimir','Nabokov');
INSERT INTO Authors (fname, lname) VALUES ('Charles','Lint');
INSERT INTO Authors (fname, lname) VALUES ('William','Faulkner');
INSERT INTO Authors (fname, lname) VALUES ('W.','Maugham');
INSERT INTO Authors (fname, lname) VALUES ('Flannery','O’Connor');
INSERT INTO Authors (fname, lname) VALUES ('Malcolm','Lowry');
INSERT INTO Authors (fname, lname) VALUES ('Robertson','Davies');
INSERT INTO Authors (fname, lname) VALUES ('Charles','Lint');
INSERT INTO Authors (fname, lname) VALUES ('Jack','Kerouac');
INSERT INTO Authors (fname, lname) VALUES ('Joseph','Conrad');
INSERT INTO Authors (fname, lname) VALUES ('Charles','Lint');
INSERT INTO Authors (fname, lname) VALUES ('H.P.','Lovecraft');
INSERT INTO Authors (fname, lname) VALUES ('Mickey','Spillane');
INSERT INTO Authors (fname, lname) VALUES ('Charles','Lint');
INSERT INTO Authors (fname, lname) VALUES ('Virginia','Woolf');
INSERT INTO Authors (fname, lname) VALUES ('Walker','Percy');
INSERT INTO Authors (fname, lname) VALUES ('Charles','Lint');
INSERT INTO Authors (fname, lname) VALUES ('Douglas','Adams');
INSERT INTO Authors (fname, lname) VALUES ('Carson','McCullers');
INSERT INTO Authors (fname, lname) VALUES ('Margaret','Atwood');
INSERT INTO Authors (fname, lname) VALUES ('Cormac','McCarthy');
INSERT INTO Authors (fname, lname) VALUES ('Anthony','Burgess');
INSERT INTO Authors (fname, lname) VALUES ('Nevil','Shute');
INSERT INTO Authors (fname, lname) VALUES ('James','Joyce');
INSERT INTO Authors (fname, lname) VALUES ('Charles','Lint');
INSERT INTO Authors (fname, lname) VALUES ('Orson','Card');
INSERT INTO Authors (fname, lname) VALUES ('Charles','Lint');
INSERT INTO Authors (fname, lname) VALUES ('William','Gaddis');
INSERT INTO Authors (fname, lname) VALUES ('Robert','Heinlein');
INSERT INTO Authors (fname, lname) VALUES ('Ernest','Hemingway');
INSERT INTO Authors (fname, lname) VALUES ('John','Irving');
INSERT INTO Authors (fname, lname) VALUES ('Ray','Bradbury');
INSERT INTO Authors (fname, lname) VALUES ('Shirley','Jackson');
INSERT INTO Authors (fname, lname) VALUES ('William','Faulkner');
INSERT INTO Authors (fname, lname) VALUES ('Henry','Miller');
INSERT INTO Authors (fname, lname) VALUES ('Ralph','Ellison');
INSERT INTO Authors (fname, lname) VALUES ('Terri','Windling');
INSERT INTO Authors (fname, lname) VALUES ('John','Fowles');
INSERT INTO Authors (fname, lname) VALUES ('Robert','Heinlein');
INSERT INTO Authors (fname, lname) VALUES ('Robert','Pirsig');
INSERT INTO Authors (fname, lname) VALUES ('Robert','Graves');
INSERT INTO Authors (fname, lname) VALUES ('Jack','London');
INSERT INTO Authors (fname, lname) VALUES ('Flann','O’Brien');
INSERT INTO Authors (fname, lname) VALUES ('Ray','Bradbury');
INSERT INTO Authors (fname, lname) VALUES ('Sinclair','Lewis');
INSERT INTO Authors (fname, lname) VALUES ('Richard','Adams');
INSERT INTO Authors (fname, lname) VALUES ('William','Burroughs');
INSERT INTO Authors (fname, lname) VALUES ('Tom','Clancy');
INSERT INTO Authors (fname, lname) VALUES ('Laurell','Hamilton');
INSERT INTO Authors (fname, lname) VALUES ('Robert','Heinlein');
INSERT INTO Authors (fname, lname) VALUES ('Stephen','King');
INSERT INTO Authors (fname, lname) VALUES ('Thomas','Pynchon');
INSERT INTO Authors (fname, lname) VALUES ('Robert','Heinlein');
INSERT INTO Authors (fname, lname) VALUES ('Robert','Heinlein');
INSERT INTO Authors (fname, lname) VALUES ('Evelyn','Waugh');
INSERT INTO Authors (fname, lname) VALUES ('William','Faulkner');
INSERT INTO Authors (fname, lname) VALUES ('Ken','Kesey');
INSERT INTO Authors (fname, lname) VALUES ('Ernest','Hemingway');
INSERT INTO Authors (fname, lname) VALUES ('Paul','Bowles');
INSERT INTO Authors (fname, lname) VALUES ('Ken','Kesey');
INSERT INTO Authors (fname, lname) VALUES ('Willa','Cather');
INSERT INTO Authors (fname, lname) VALUES ('Charles','Lint');
INSERT INTO Authors (fname, lname) VALUES ('Cormac','McCarthy');
INSERT INTO Authors (fname, lname) VALUES ('Robert','Holdstock');
INSERT INTO Authors (fname, lname) VALUES ('Richard','Bach');
INSERT INTO Authors (fname, lname) VALUES ('Robertson','Davies');
INSERT INTO Authors (fname, lname) VALUES ('Salman','Rushdie');

-- Populates Book Table
INSERT INTO Books (title, publisherId) VALUES ('ULYSSES',  1);
INSERT INTO Books (title, publisherId) VALUES ('THE GREAT GATSBY',  2);
INSERT INTO Books (title, publisherId) VALUES ('A PORTRAIT OF THE ARTIST AS A YOUNG MAN',  3);
INSERT INTO Books (title, publisherId) VALUES ('LOLITA',  4);
INSERT INTO Books (title, publisherId) VALUES ('BRAVE NEW WORLD',  5);
INSERT INTO Books (title, publisherId) VALUES ('THE SOUND AND THE FURY',  6);
INSERT INTO Books (title, publisherId) VALUES ('CATCH-22',  7);
INSERT INTO Books (title, publisherId) VALUES ('DARKNESS AT NOON',  8);
INSERT INTO Books (title, publisherId) VALUES ('SONS AND LOVERS',  9);
INSERT INTO Books (title, publisherId) VALUES ('THE GRAPES OF WRATH',  10);
INSERT INTO Books (title, publisherId) VALUES ('UNDER THE VOLCANO',  11);
INSERT INTO Books (title, publisherId) VALUES ('THE WAY OF ALL FLESH',  12);
INSERT INTO Books (title, publisherId) VALUES ('1984',  13);
INSERT INTO Books (title, publisherId) VALUES ('I, CLAUDIUS',  14);
INSERT INTO Books (title, publisherId) VALUES ('TO THE LIGHTHOUSE',  15);
INSERT INTO Books (title, publisherId) VALUES ('AN AMERICAN TRAGEDY',  16);
INSERT INTO Books (title, publisherId) VALUES ('THE HEART IS A LONELY HUNTER',  17);
INSERT INTO Books (title, publisherId) VALUES ('SLAUGHTERHOUSE-FIVE',  18);
INSERT INTO Books (title, publisherId) VALUES ('INVISIBLE MAN',  19);
INSERT INTO Books (title, publisherId) VALUES ('NATIVE SON',  20);
INSERT INTO Books (title, publisherId) VALUES ('HENDERSON THE RAIN KING',  21);
INSERT INTO Books (title, publisherId) VALUES ('APPOINTMENT IN SAMARRA',  22);
INSERT INTO Books (title, publisherId) VALUES ('U.S.A.(trilogy)',  23);
INSERT INTO Books (title, publisherId) VALUES ('WINESBURG, OHIO',  24);
INSERT INTO Books (title, publisherId) VALUES ('A PASSAGE TO INDIA',  25);
INSERT INTO Books (title, publisherId) VALUES ('THE WINGS OF THE DOVE',  26);
INSERT INTO Books (title, publisherId) VALUES ('THE AMBASSADORS',  27);
INSERT INTO Books (title, publisherId) VALUES ('TENDER IS THE NIGHT',  28);
INSERT INTO Books (title, publisherId) VALUES ('THE STUDS LONIGAN TRILOGY',  29);
INSERT INTO Books (title, publisherId) VALUES ('THE GOOD SOLDIER',  30);
INSERT INTO Books (title, publisherId) VALUES ('ANIMAL FARM',  31);
INSERT INTO Books (title, publisherId) VALUES ('THE GOLDEN BOWL',  32);
INSERT INTO Books (title, publisherId) VALUES ('SISTER CARRIE',  33);
INSERT INTO Books (title, publisherId) VALUES ('A HANDFUL OF DUST',  34);
INSERT INTO Books (title, publisherId) VALUES ('AS I LAY DYING',  35);
INSERT INTO Books (title, publisherId) VALUES ('ALL THE KING’S MEN',  36);
INSERT INTO Books (title, publisherId) VALUES ('THE BRIDGE OF SAN LUIS REY',  37);
INSERT INTO Books (title, publisherId) VALUES ('HOWARDS END',  38);
INSERT INTO Books (title, publisherId) VALUES ('GO TELL IT ON THE MOUNTAIN',  39);
INSERT INTO Books (title, publisherId) VALUES ('THE HEART OF THE MATTER',  40);
INSERT INTO Books (title, publisherId) VALUES ('LORD OF THE FLIES',  41);
INSERT INTO Books (title, publisherId) VALUES ('DELIVERANCE',  42);
INSERT INTO Books (title, publisherId) VALUES ('A DANCE TO THE MUSIC OF TIME (series)',  43);
INSERT INTO Books (title, publisherId) VALUES ('POINT COUNTER POINT',  44);
INSERT INTO Books (title, publisherId) VALUES ('THE SUN ALSO RISES',  45);
INSERT INTO Books (title, publisherId) VALUES ('THE SECRET AGENT',  46);
INSERT INTO Books (title, publisherId) VALUES ('NOSTROMO',  47);
INSERT INTO Books (title, publisherId) VALUES ('THE RAINBOW',  48);
INSERT INTO Books (title, publisherId) VALUES ('WOMEN IN LOVE',  49);
INSERT INTO Books (title, publisherId) VALUES ('TROPIC OF CANCER',  50);
INSERT INTO Books (title, publisherId) VALUES ('THE NAKED AND THE DEAD',  51);
INSERT INTO Books (title, publisherId) VALUES ('PORTNOY’S COMPLAINT',  52);
INSERT INTO Books (title, publisherId) VALUES ('PALE FIRE',  53);
INSERT INTO Books (title, publisherId) VALUES ('LIGHT IN AUGUST',  54);
INSERT INTO Books (title, publisherId) VALUES ('ON THE ROAD',  55);
INSERT INTO Books (title, publisherId) VALUES ('THE MALTESE FALCON',  56);
INSERT INTO Books (title, publisherId) VALUES ('PARADE’S END',  57);
INSERT INTO Books (title, publisherId) VALUES ('THE AGE OF INNOCENCE',  58);
INSERT INTO Books (title, publisherId) VALUES ('ZULEIKA DOBSON',  59);
INSERT INTO Books (title, publisherId) VALUES ('THE MOVIEGOER',  60);
INSERT INTO Books (title, publisherId) VALUES ('DEATH COMES FOR THE ARCHBISHOP',  61);
INSERT INTO Books (title, publisherId) VALUES ('FROM HERE TO ETERNITY',  62);
INSERT INTO Books (title, publisherId) VALUES ('THE WAPSHOT CHRONICLES',  63);
INSERT INTO Books (title, publisherId) VALUES ('THE CATCHER IN THE RYE',  64);
INSERT INTO Books (title, publisherId) VALUES ('A CLOCKWORK ORANGE',  65);
INSERT INTO Books (title, publisherId) VALUES ('OF HUMAN BONDAGE',  66);
INSERT INTO Books (title, publisherId) VALUES ('HEART OF DARKNESS',  67);
INSERT INTO Books (title, publisherId) VALUES ('MAIN STREET',  68);
INSERT INTO Books (title, publisherId) VALUES ('THE HOUSE OF MIRTH',  69);
INSERT INTO Books (title, publisherId) VALUES ('THE ALEXANDRIA QUARTET',  70);
INSERT INTO Books (title, publisherId) VALUES ('A HIGH WIND IN JAMAICA',  71);
INSERT INTO Books (title, publisherId) VALUES ('A HOUSE FOR MR BISWAS',  72);
INSERT INTO Books (title, publisherId) VALUES ('THE DAY OF THE LOCUST',  73);
INSERT INTO Books (title, publisherId) VALUES ('A FAREWELL TO ARMS',  74);
INSERT INTO Books (title, publisherId) VALUES ('SCOOP',  75);
INSERT INTO Books (title, publisherId) VALUES ('THE PRIME OF MISS JEAN BRODIE',  76);
INSERT INTO Books (title, publisherId) VALUES ('FINNEGANS WAKE',  77);
INSERT INTO Books (title, publisherId) VALUES ('KIM',  78);
INSERT INTO Books (title, publisherId) VALUES ('A ROOM WITH A VIEW',  79);
INSERT INTO Books (title, publisherId) VALUES ('BRIDESHEAD REVISITED',  80);
INSERT INTO Books (title, publisherId) VALUES ('THE ADVENTURES OF AUGIE MARCH',  81);
INSERT INTO Books (title, publisherId) VALUES ('ANGLE OF REPOSE',  82);
INSERT INTO Books (title, publisherId) VALUES ('A BEND IN THE RIVER',  83);
INSERT INTO Books (title, publisherId) VALUES ('THE DEATH OF THE HEART',  84);
INSERT INTO Books (title, publisherId) VALUES ('LORD JIM',  85);
INSERT INTO Books (title, publisherId) VALUES ('RAGTIME',  86);
INSERT INTO Books (title, publisherId) VALUES ('THE OLD WIVES’ TALE',  87);
INSERT INTO Books (title, publisherId) VALUES ('THE CALL OF THE WILD',  88);
INSERT INTO Books (title, publisherId) VALUES ('LOVING',  89);
INSERT INTO Books (title, publisherId) VALUES ('MIDNIGHT’S CHILDREN',  90);
INSERT INTO Books (title, publisherId) VALUES ('TOBACCO ROAD',  91);
INSERT INTO Books (title, publisherId) VALUES ('IRONWEED',  92);
INSERT INTO Books (title, publisherId) VALUES ('THE MAGUS',  93);
INSERT INTO Books (title, publisherId) VALUES ('WIDE SARGASSO SEA',  94);
INSERT INTO Books (title, publisherId) VALUES ('UNDER THE NET',  95);
INSERT INTO Books (title, publisherId) VALUES ('SOPHIE’S CHOICE',  96);
INSERT INTO Books (title, publisherId) VALUES ('THE SHELTERING SKY',  97);
INSERT INTO Books (title, publisherId) VALUES ('THE POSTMAN ALWAYS RINGS TWICE',  98);
INSERT INTO Books (title, publisherId) VALUES ('THE GINGER MAN',  99);
INSERT INTO Books (title, publisherId) VALUES ('THE MAGNIFICENT AMBERSONS',  100);
INSERT INTO Books (title, publisherId) VALUES ('ATLAS SHRUGGED',  101);
INSERT INTO Books (title, publisherId) VALUES ('THE FOUNTAINHEAD',  102);
INSERT INTO Books (title, publisherId) VALUES ('BATTLEFIELD EARTH',  103);
INSERT INTO Books (title, publisherId) VALUES ('THE LORD OF THE RINGS',  104);
INSERT INTO Books (title, publisherId) VALUES ('TO KILL A MOCKINGBIRD',  105);
INSERT INTO Books (title, publisherId) VALUES ('1984',  106);
INSERT INTO Books (title, publisherId) VALUES ('ANTHEM',  107);
INSERT INTO Books (title, publisherId) VALUES ('WE THE LIVING',  108);
INSERT INTO Books (title, publisherId) VALUES ('MISSION EARTH',  109);
INSERT INTO Books (title, publisherId) VALUES ('FEAR',  110);
INSERT INTO Books (title, publisherId) VALUES ('ULYSSES',  111);
INSERT INTO Books (title, publisherId) VALUES ('CATCH-22',  112);
INSERT INTO Books (title, publisherId) VALUES ('THE GREAT GATSBY',  113);
INSERT INTO Books (title, publisherId) VALUES ('DUNE',  114);
INSERT INTO Books (title, publisherId) VALUES ('THE MOON IS A HARSH MISTRESS',  115);
INSERT INTO Books (title, publisherId) VALUES ('STRANGER IN A STRANGE LAND',  116);
INSERT INTO Books (title, publisherId) VALUES ('A TOWN LIKE ALICE',  117);
INSERT INTO Books (title, publisherId) VALUES ('BRAVE NEW WORLD',  118);
INSERT INTO Books (title, publisherId) VALUES ('THE CATCHER IN THE RYE',  119);
INSERT INTO Books (title, publisherId) VALUES ('ANIMAL FARM',  120);
INSERT INTO Books (title, publisherId) VALUES ('GRAVITY’S RAINBOW',  121);
INSERT INTO Books (title, publisherId) VALUES ('THE GRAPES OF WRATH',  122);
INSERT INTO Books (title, publisherId) VALUES ('SLAUGHTERHOUSE FIVE',  123);
INSERT INTO Books (title, publisherId) VALUES ('GONE WITH THE WIND',  124);
INSERT INTO Books (title, publisherId) VALUES ('LORD OF THE FLIES',  125);
INSERT INTO Books (title, publisherId) VALUES ('SHANE',  126);
INSERT INTO Books (title, publisherId) VALUES ('TRUSTEE FROM THE TOOLROOM',  127);
INSERT INTO Books (title, publisherId) VALUES ('A PRAYER FOR OWEN MEANY',  128);
INSERT INTO Books (title, publisherId) VALUES ('THE STAND',  129);
INSERT INTO Books (title, publisherId) VALUES ('THE FRENCH LIEUTENANT’S WOMAN',  130);
INSERT INTO Books (title, publisherId) VALUES ('BELOVED',  131);
INSERT INTO Books (title, publisherId) VALUES ('THE WORM OUROBOROS',  132);
INSERT INTO Books (title, publisherId) VALUES ('THE SOUND AND THE FURY',  133);
INSERT INTO Books (title, publisherId) VALUES ('LOLITA',  134);
INSERT INTO Books (title, publisherId) VALUES ('MOONHEART',  135);
INSERT INTO Books (title, publisherId) VALUES ('ABSALOM, ABSALOM!',  136);
INSERT INTO Books (title, publisherId) VALUES ('OF HUMAN BONDAGE',  137);
INSERT INTO Books (title, publisherId) VALUES ('WISE BLOOD',  138);
INSERT INTO Books (title, publisherId) VALUES ('UNDER THE VOLCANO',  139);
INSERT INTO Books (title, publisherId) VALUES ('FIFTH BUSINESS',  140);
INSERT INTO Books (title, publisherId) VALUES ('SOMEPLACE TO BE FLYING',  141);
INSERT INTO Books (title, publisherId) VALUES ('ON THE ROAD',  142);
INSERT INTO Books (title, publisherId) VALUES ('HEART OF DARKNESS',  143);
INSERT INTO Books (title, publisherId) VALUES ('YARROW',  144);
INSERT INTO Books (title, publisherId) VALUES ('AT THE MOUNTAINS OF MADNESS',  145);
INSERT INTO Books (title, publisherId) VALUES ('ONE LONELY NIGHT',  146);
INSERT INTO Books (title, publisherId) VALUES ('MEMORY AND DREAM',  147);
INSERT INTO Books (title, publisherId) VALUES ('TO THE LIGHTHOUSE',  148);
INSERT INTO Books (title, publisherId) VALUES ('THE MOVIEGOER',  149);
INSERT INTO Books (title, publisherId) VALUES ('TRADER',  150);
INSERT INTO Books (title, publisherId) VALUES ('THE HITCHHIKER’S GUIDE TO THE GALAXY',  151);
INSERT INTO Books (title, publisherId) VALUES ('THE HEART IS A LONELY HUNTER',  152);
INSERT INTO Books (title, publisherId) VALUES ('THE HANDMAID’S TALE',  153);
INSERT INTO Books (title, publisherId) VALUES ('BLOOD MERIDIAN',  154);
INSERT INTO Books (title, publisherId) VALUES ('A CLOCKWORK ORANGE',  155);
INSERT INTO Books (title, publisherId) VALUES ('ON THE BEACH',  156);
INSERT INTO Books (title, publisherId) VALUES ('A PORTRAIT OF THE ARTIST AS A YOUNG MAN',  157);
INSERT INTO Books (title, publisherId) VALUES ('GREENMANTLE',  158);
INSERT INTO Books (title, publisherId) VALUES ('ENDER’S GAME',  159);
INSERT INTO Books (title, publisherId) VALUES ('THE LITTLE COUNTRY',  160);
INSERT INTO Books (title, publisherId) VALUES ('THE RECOGNITIONS',  161);
INSERT INTO Books (title, publisherId) VALUES ('STARSHIP TROOPERS',  162);
INSERT INTO Books (title, publisherId) VALUES ('THE SUN ALSO RISES',  163);
INSERT INTO Books (title, publisherId) VALUES ('THE WORLD ACCORDING TO GARP',  164);
INSERT INTO Books (title, publisherId) VALUES ('SOMETHING WICKED THIS WAY COMES',  165);
INSERT INTO Books (title, publisherId) VALUES ('THE HAUNTING OF HILL HOUSE',  166);
INSERT INTO Books (title, publisherId) VALUES ('AS I LAY DYING',  167);
INSERT INTO Books (title, publisherId) VALUES ('TROPIC OF CANCER',  168);
INSERT INTO Books (title, publisherId) VALUES ('INVISIBLE MAN',  169);
INSERT INTO Books (title, publisherId) VALUES ('THE WOOD WIFE',  170);
INSERT INTO Books (title, publisherId) VALUES ('THE MAGUS',  171);
INSERT INTO Books (title, publisherId) VALUES ('THE DOOR INTO SUMMER',  172);
INSERT INTO Books (title, publisherId) VALUES ('ZEN AND THE ART OF MOTORCYCLE MAINTENANCE',  173);
INSERT INTO Books (title, publisherId) VALUES ('I, CLAUDIUS',  174);
INSERT INTO Books (title, publisherId) VALUES ('THE CALL OF THE WILD',  175);
INSERT INTO Books (title, publisherId) VALUES ('AT SWIM-TWO-BIRDS',  176);
INSERT INTO Books (title, publisherId) VALUES ('FARENHEIT 451',  177);
INSERT INTO Books (title, publisherId) VALUES ('ARROWSMITH',  178);
INSERT INTO Books (title, publisherId) VALUES ('WATERSHIP DOWN',  179);
INSERT INTO Books (title, publisherId) VALUES ('NAKED LUNCH',  180);
INSERT INTO Books (title, publisherId) VALUES ('THE HUNT FOR RED OCTOBER',  181);
INSERT INTO Books (title, publisherId) VALUES ('GUILTY PLEASURES',  182);
INSERT INTO Books (title, publisherId) VALUES ('THE PUPPET MASTERS',  183);
INSERT INTO Books (title, publisherId) VALUES ('IT',  184);
INSERT INTO Books (title, publisherId) VALUES ('V.',  185);
INSERT INTO Books (title, publisherId) VALUES ('DOUBLE STAR',  186);
INSERT INTO Books (title, publisherId) VALUES ('CITIZEN OF THE GALAXY',  187);
INSERT INTO Books (title, publisherId) VALUES ('BRIDESHEAD REVISITED',  188);
INSERT INTO Books (title, publisherId) VALUES ('LIGHT IN AUGUST',  189);
INSERT INTO Books (title, publisherId) VALUES ('ONE FLEW OVER THE CUCKOO’S NEST',  190);
INSERT INTO Books (title, publisherId) VALUES ('A FAREWELL TO ARMS',  191);
INSERT INTO Books (title, publisherId) VALUES ('THE SHELTERING SKY',  192);
INSERT INTO Books (title, publisherId) VALUES ('SOMETIMES A GREAT NOTION',  193);
INSERT INTO Books (title, publisherId) VALUES ('MY ANTONIA',  194);
INSERT INTO Books (title, publisherId) VALUES ('MULENGRO',  195);
INSERT INTO Books (title, publisherId) VALUES ('SUTTREE',  196);
INSERT INTO Books (title, publisherId) VALUES ('MYTHAGO WOOD',  197);
INSERT INTO Books (title, publisherId) VALUES ('ILLUSIONS',  198);
INSERT INTO Books (title, publisherId) VALUES ('THE CUNNING MAN',  199);

-- Populates AuthorBooks Table
INSERT INTO AuthorBooks (authorId, bookId) VALUES (1, 1);
INSERT INTO AuthorBooks (authorId, bookId) VALUES (2, 2);
INSERT INTO AuthorBooks (authorId, bookId) VALUES (3, 3);
INSERT INTO AuthorBooks (authorId, bookId) VALUES (4, 4);
INSERT INTO AuthorBooks (authorId, bookId) VALUES (5, 5);
INSERT INTO AuthorBooks (authorId, bookId) VALUES (6, 6);
INSERT INTO AuthorBooks (authorId, bookId) VALUES (7, 7);
INSERT INTO AuthorBooks (authorId, bookId) VALUES (8, 8);
INSERT INTO AuthorBooks (authorId, bookId) VALUES (9, 9);
INSERT INTO AuthorBooks (authorId, bookId) VALUES (10, 10);
INSERT INTO AuthorBooks (authorId, bookId) VALUES (11, 11);
INSERT INTO AuthorBooks (authorId, bookId) VALUES (12, 12);
INSERT INTO AuthorBooks (authorId, bookId) VALUES (13, 13);
INSERT INTO AuthorBooks (authorId, bookId) VALUES (14, 14);
INSERT INTO AuthorBooks (authorId, bookId) VALUES (15, 15);
INSERT INTO AuthorBooks (authorId, bookId) VALUES (16, 16);
INSERT INTO AuthorBooks (authorId, bookId) VALUES (17, 17);
INSERT INTO AuthorBooks (authorId, bookId) VALUES (18, 18);
INSERT INTO AuthorBooks (authorId, bookId) VALUES (19, 19);
INSERT INTO AuthorBooks (authorId, bookId) VALUES (20, 20);
INSERT INTO AuthorBooks (authorId, bookId) VALUES (21, 21);
INSERT INTO AuthorBooks (authorId, bookId) VALUES (22, 22);
INSERT INTO AuthorBooks (authorId, bookId) VALUES (23, 23);
INSERT INTO AuthorBooks (authorId, bookId) VALUES (24, 24);
INSERT INTO AuthorBooks (authorId, bookId) VALUES (25, 25);
INSERT INTO AuthorBooks (authorId, bookId) VALUES (26, 26);
INSERT INTO AuthorBooks (authorId, bookId) VALUES (27, 27);
INSERT INTO AuthorBooks (authorId, bookId) VALUES (28, 28);
INSERT INTO AuthorBooks (authorId, bookId) VALUES (29, 29);
INSERT INTO AuthorBooks (authorId, bookId) VALUES (30, 30);
INSERT INTO AuthorBooks (authorId, bookId) VALUES (31, 31);
INSERT INTO AuthorBooks (authorId, bookId) VALUES (32, 32);
INSERT INTO AuthorBooks (authorId, bookId) VALUES (33, 33);
INSERT INTO AuthorBooks (authorId, bookId) VALUES (34, 34);
INSERT INTO AuthorBooks (authorId, bookId) VALUES (35, 35);
INSERT INTO AuthorBooks (authorId, bookId) VALUES (36, 36);
INSERT INTO AuthorBooks (authorId, bookId) VALUES (37, 37);
INSERT INTO AuthorBooks (authorId, bookId) VALUES (38, 38);
INSERT INTO AuthorBooks (authorId, bookId) VALUES (39, 39);
INSERT INTO AuthorBooks (authorId, bookId) VALUES (40, 40);
INSERT INTO AuthorBooks (authorId, bookId) VALUES (41, 41);
INSERT INTO AuthorBooks (authorId, bookId) VALUES (42, 42);
INSERT INTO AuthorBooks (authorId, bookId) VALUES (43, 43);
INSERT INTO AuthorBooks (authorId, bookId) VALUES (44, 44);
INSERT INTO AuthorBooks (authorId, bookId) VALUES (45, 45);
INSERT INTO AuthorBooks (authorId, bookId) VALUES (46, 46);
INSERT INTO AuthorBooks (authorId, bookId) VALUES (47, 47);
INSERT INTO AuthorBooks (authorId, bookId) VALUES (48, 48);
INSERT INTO AuthorBooks (authorId, bookId) VALUES (49, 49);
INSERT INTO AuthorBooks (authorId, bookId) VALUES (50, 50);
INSERT INTO AuthorBooks (authorId, bookId) VALUES (51, 51);
INSERT INTO AuthorBooks (authorId, bookId) VALUES (52, 52);
INSERT INTO AuthorBooks (authorId, bookId) VALUES (53, 53);
INSERT INTO AuthorBooks (authorId, bookId) VALUES (54, 54);
INSERT INTO AuthorBooks (authorId, bookId) VALUES (55, 55);
INSERT INTO AuthorBooks (authorId, bookId) VALUES (56, 56);
INSERT INTO AuthorBooks (authorId, bookId) VALUES (57, 57);
INSERT INTO AuthorBooks (authorId, bookId) VALUES (58, 58);
INSERT INTO AuthorBooks (authorId, bookId) VALUES (59, 59);
INSERT INTO AuthorBooks (authorId, bookId) VALUES (60, 60);
INSERT INTO AuthorBooks (authorId, bookId) VALUES (61, 61);
INSERT INTO AuthorBooks (authorId, bookId) VALUES (62, 62);
INSERT INTO AuthorBooks (authorId, bookId) VALUES (63, 63);
INSERT INTO AuthorBooks (authorId, bookId) VALUES (64, 64);
INSERT INTO AuthorBooks (authorId, bookId) VALUES (65, 65);
INSERT INTO AuthorBooks (authorId, bookId) VALUES (66, 66);
INSERT INTO AuthorBooks (authorId, bookId) VALUES (67, 67);
INSERT INTO AuthorBooks (authorId, bookId) VALUES (68, 68);
INSERT INTO AuthorBooks (authorId, bookId) VALUES (69, 69);
INSERT INTO AuthorBooks (authorId, bookId) VALUES (70, 70);
INSERT INTO AuthorBooks (authorId, bookId) VALUES (71, 71);
INSERT INTO AuthorBooks (authorId, bookId) VALUES (72, 72);
INSERT INTO AuthorBooks (authorId, bookId) VALUES (73, 73);
INSERT INTO AuthorBooks (authorId, bookId) VALUES (74, 74);
INSERT INTO AuthorBooks (authorId, bookId) VALUES (75, 75);
INSERT INTO AuthorBooks (authorId, bookId) VALUES (76, 76);
INSERT INTO AuthorBooks (authorId, bookId) VALUES (77, 77);
INSERT INTO AuthorBooks (authorId, bookId) VALUES (78, 78);
INSERT INTO AuthorBooks (authorId, bookId) VALUES (79, 79);
INSERT INTO AuthorBooks (authorId, bookId) VALUES (80, 80);
INSERT INTO AuthorBooks (authorId, bookId) VALUES (81, 81);
INSERT INTO AuthorBooks (authorId, bookId) VALUES (82, 82);
INSERT INTO AuthorBooks (authorId, bookId) VALUES (83, 83);
INSERT INTO AuthorBooks (authorId, bookId) VALUES (84, 84);
INSERT INTO AuthorBooks (authorId, bookId) VALUES (85, 85);
INSERT INTO AuthorBooks (authorId, bookId) VALUES (86, 86);
INSERT INTO AuthorBooks (authorId, bookId) VALUES (87, 87);
INSERT INTO AuthorBooks (authorId, bookId) VALUES (88, 88);
INSERT INTO AuthorBooks (authorId, bookId) VALUES (89, 89);
INSERT INTO AuthorBooks (authorId, bookId) VALUES (90, 90);
INSERT INTO AuthorBooks (authorId, bookId) VALUES (91, 91);
INSERT INTO AuthorBooks (authorId, bookId) VALUES (92, 92);
INSERT INTO AuthorBooks (authorId, bookId) VALUES (93, 93);
INSERT INTO AuthorBooks (authorId, bookId) VALUES (94, 94);
INSERT INTO AuthorBooks (authorId, bookId) VALUES (95, 95);
INSERT INTO AuthorBooks (authorId, bookId) VALUES (96, 96);
INSERT INTO AuthorBooks (authorId, bookId) VALUES (97, 97);
INSERT INTO AuthorBooks (authorId, bookId) VALUES (98, 98);
INSERT INTO AuthorBooks (authorId, bookId) VALUES (99, 99);
INSERT INTO AuthorBooks (authorId, bookId) VALUES (100, 100);
INSERT INTO AuthorBooks (authorId, bookId) VALUES (101, 101);
INSERT INTO AuthorBooks (authorId, bookId) VALUES (102, 102);
INSERT INTO AuthorBooks (authorId, bookId) VALUES (103, 103);
INSERT INTO AuthorBooks (authorId, bookId) VALUES (104, 104);
INSERT INTO AuthorBooks (authorId, bookId) VALUES (105, 105);
INSERT INTO AuthorBooks (authorId, bookId) VALUES (106, 106);
INSERT INTO AuthorBooks (authorId, bookId) VALUES (107, 107);
INSERT INTO AuthorBooks (authorId, bookId) VALUES (108, 108);
INSERT INTO AuthorBooks (authorId, bookId) VALUES (109, 109);
INSERT INTO AuthorBooks (authorId, bookId) VALUES (110, 110);
INSERT INTO AuthorBooks (authorId, bookId) VALUES (111, 111);
INSERT INTO AuthorBooks (authorId, bookId) VALUES (112, 112);
INSERT INTO AuthorBooks (authorId, bookId) VALUES (113, 113);
INSERT INTO AuthorBooks (authorId, bookId) VALUES (114, 114);
INSERT INTO AuthorBooks (authorId, bookId) VALUES (115, 115);
INSERT INTO AuthorBooks (authorId, bookId) VALUES (116, 116);
INSERT INTO AuthorBooks (authorId, bookId) VALUES (117, 117);
INSERT INTO AuthorBooks (authorId, bookId) VALUES (118, 118);
INSERT INTO AuthorBooks (authorId, bookId) VALUES (119, 119);
INSERT INTO AuthorBooks (authorId, bookId) VALUES (120, 120);
INSERT INTO AuthorBooks (authorId, bookId) VALUES (121, 121);
INSERT INTO AuthorBooks (authorId, bookId) VALUES (122, 122);
INSERT INTO AuthorBooks (authorId, bookId) VALUES (123, 123);
INSERT INTO AuthorBooks (authorId, bookId) VALUES (124, 124);
INSERT INTO AuthorBooks (authorId, bookId) VALUES (125, 125);
INSERT INTO AuthorBooks (authorId, bookId) VALUES (126, 126);
INSERT INTO AuthorBooks (authorId, bookId) VALUES (127, 127);
INSERT INTO AuthorBooks (authorId, bookId) VALUES (128, 128);
INSERT INTO AuthorBooks (authorId, bookId) VALUES (129, 129);
INSERT INTO AuthorBooks (authorId, bookId) VALUES (130, 130);
INSERT INTO AuthorBooks (authorId, bookId) VALUES (131, 131);
INSERT INTO AuthorBooks (authorId, bookId) VALUES (132, 132);
INSERT INTO AuthorBooks (authorId, bookId) VALUES (133, 133);
INSERT INTO AuthorBooks (authorId, bookId) VALUES (134, 134);
INSERT INTO AuthorBooks (authorId, bookId) VALUES (135, 135);
INSERT INTO AuthorBooks (authorId, bookId) VALUES (136, 136);
INSERT INTO AuthorBooks (authorId, bookId) VALUES (137, 137);
INSERT INTO AuthorBooks (authorId, bookId) VALUES (138, 138);
INSERT INTO AuthorBooks (authorId, bookId) VALUES (139, 139);
INSERT INTO AuthorBooks (authorId, bookId) VALUES (140, 140);
INSERT INTO AuthorBooks (authorId, bookId) VALUES (141, 141);
INSERT INTO AuthorBooks (authorId, bookId) VALUES (142, 142);
INSERT INTO AuthorBooks (authorId, bookId) VALUES (143, 143);
INSERT INTO AuthorBooks (authorId, bookId) VALUES (144, 144);
INSERT INTO AuthorBooks (authorId, bookId) VALUES (145, 145);
INSERT INTO AuthorBooks (authorId, bookId) VALUES (146, 146);
INSERT INTO AuthorBooks (authorId, bookId) VALUES (147, 147);
INSERT INTO AuthorBooks (authorId, bookId) VALUES (148, 148);
INSERT INTO AuthorBooks (authorId, bookId) VALUES (149, 149);
INSERT INTO AuthorBooks (authorId, bookId) VALUES (150, 150);
INSERT INTO AuthorBooks (authorId, bookId) VALUES (151, 151);
INSERT INTO AuthorBooks (authorId, bookId) VALUES (152, 152);
INSERT INTO AuthorBooks (authorId, bookId) VALUES (153, 153);
INSERT INTO AuthorBooks (authorId, bookId) VALUES (154, 154);
INSERT INTO AuthorBooks (authorId, bookId) VALUES (155, 155);
INSERT INTO AuthorBooks (authorId, bookId) VALUES (156, 156);
INSERT INTO AuthorBooks (authorId, bookId) VALUES (157, 157);
INSERT INTO AuthorBooks (authorId, bookId) VALUES (158, 158);
INSERT INTO AuthorBooks (authorId, bookId) VALUES (159, 159);
INSERT INTO AuthorBooks (authorId, bookId) VALUES (160, 160);
INSERT INTO AuthorBooks (authorId, bookId) VALUES (161, 161);
INSERT INTO AuthorBooks (authorId, bookId) VALUES (162, 162);
INSERT INTO AuthorBooks (authorId, bookId) VALUES (163, 163);
INSERT INTO AuthorBooks (authorId, bookId) VALUES (164, 164);
INSERT INTO AuthorBooks (authorId, bookId) VALUES (165, 165);
INSERT INTO AuthorBooks (authorId, bookId) VALUES (166, 166);
INSERT INTO AuthorBooks (authorId, bookId) VALUES (167, 167);
INSERT INTO AuthorBooks (authorId, bookId) VALUES (168, 168);
INSERT INTO AuthorBooks (authorId, bookId) VALUES (169, 169);
INSERT INTO AuthorBooks (authorId, bookId) VALUES (170, 170);
INSERT INTO AuthorBooks (authorId, bookId) VALUES (171, 171);
INSERT INTO AuthorBooks (authorId, bookId) VALUES (172, 172);
INSERT INTO AuthorBooks (authorId, bookId) VALUES (173, 173);
INSERT INTO AuthorBooks (authorId, bookId) VALUES (174, 174);
INSERT INTO AuthorBooks (authorId, bookId) VALUES (175, 175);
INSERT INTO AuthorBooks (authorId, bookId) VALUES (176, 176);
INSERT INTO AuthorBooks (authorId, bookId) VALUES (177, 177);
INSERT INTO AuthorBooks (authorId, bookId) VALUES (178, 178);
INSERT INTO AuthorBooks (authorId, bookId) VALUES (179, 179);
INSERT INTO AuthorBooks (authorId, bookId) VALUES (180, 180);
INSERT INTO AuthorBooks (authorId, bookId) VALUES (181, 181);
INSERT INTO AuthorBooks (authorId, bookId) VALUES (182, 182);
INSERT INTO AuthorBooks (authorId, bookId) VALUES (183, 183);
INSERT INTO AuthorBooks (authorId, bookId) VALUES (184, 184);
INSERT INTO AuthorBooks (authorId, bookId) VALUES (185, 185);
INSERT INTO AuthorBooks (authorId, bookId) VALUES (186, 186);
INSERT INTO AuthorBooks (authorId, bookId) VALUES (187, 187);
INSERT INTO AuthorBooks (authorId, bookId) VALUES (188, 188);
INSERT INTO AuthorBooks (authorId, bookId) VALUES (189, 189);
INSERT INTO AuthorBooks (authorId, bookId) VALUES (190, 190);
INSERT INTO AuthorBooks (authorId, bookId) VALUES (191, 191);
INSERT INTO AuthorBooks (authorId, bookId) VALUES (192, 192);
INSERT INTO AuthorBooks (authorId, bookId) VALUES (193, 193);
INSERT INTO AuthorBooks (authorId, bookId) VALUES (194, 194);
INSERT INTO AuthorBooks (authorId, bookId) VALUES (195, 195);
INSERT INTO AuthorBooks (authorId, bookId) VALUES (196, 196);
INSERT INTO AuthorBooks (authorId, bookId) VALUES (197, 197);
INSERT INTO AuthorBooks (authorId, bookId) VALUES (198, 198);
INSERT INTO AuthorBooks (authorId, bookId) VALUES (199, 199);

-- Populates the PurchaseDeatails table
INSERT INTO PurchaseDetails (purchID, bookId, qty, price) VALUES (1,61,10,140.31);
INSERT INTO PurchaseDetails (purchID, bookId, qty, price) VALUES (2,180,3,97.62);
INSERT INTO PurchaseDetails (purchID, bookId, qty, price) VALUES (3,197,10,22.62);
INSERT INTO PurchaseDetails (purchID, bookId, qty, price) VALUES (4,21,9,135.21);
INSERT INTO PurchaseDetails (purchID, bookId, qty, price) VALUES (5,172,2,184.22);
INSERT INTO PurchaseDetails (purchID, bookId, qty, price) VALUES (6,196,3,10.08);
INSERT INTO PurchaseDetails (purchID, bookId, qty, price) VALUES (7,159,1,21.64);
INSERT INTO PurchaseDetails (purchID, bookId, qty, price) VALUES (8,49,1,115.64);
INSERT INTO PurchaseDetails (purchID, bookId, qty, price) VALUES (9,26,6,128.01);
INSERT INTO PurchaseDetails (purchID, bookId, qty, price) VALUES (10,1,1,47.31);
INSERT INTO PurchaseDetails (purchID, bookId, qty, price) VALUES (11,80,5,70.53);
INSERT INTO PurchaseDetails (purchID, bookId, qty, price) VALUES (12,32,10,8.80);
INSERT INTO PurchaseDetails (purchID, bookId, qty, price) VALUES (13,182,9,178.52);
INSERT INTO PurchaseDetails (purchID, bookId, qty, price) VALUES (14,71,7,130.08);
INSERT INTO PurchaseDetails (purchID, bookId, qty, price) VALUES (15,108,10,143.78);
INSERT INTO PurchaseDetails (purchID, bookId, qty, price) VALUES (16,135,1,107.51);
INSERT INTO PurchaseDetails (purchID, bookId, qty, price) VALUES (17,149,8,169.04);
INSERT INTO PurchaseDetails (purchID, bookId, qty, price) VALUES (18,45,4,194.31);
INSERT INTO PurchaseDetails (purchID, bookId, qty, price) VALUES (19,172,4,22.74);
INSERT INTO PurchaseDetails (purchID, bookId, qty, price) VALUES (20,97,4,6.95);
INSERT INTO PurchaseDetails (purchID, bookId, qty, price) VALUES (21,176,4,7.18);
INSERT INTO PurchaseDetails (purchID, bookId, qty, price) VALUES (22,47,5,95.88);
INSERT INTO PurchaseDetails (purchID, bookId, qty, price) VALUES (23,183,3,148.51);
INSERT INTO PurchaseDetails (purchID, bookId, qty, price) VALUES (24,40,8,114.90);
INSERT INTO PurchaseDetails (purchID, bookId, qty, price) VALUES (25,51,6,72.92);
INSERT INTO PurchaseDetails (purchID, bookId, qty, price) VALUES (26,108,10,85.91);
INSERT INTO PurchaseDetails (purchID, bookId, qty, price) VALUES (27,144,4,141.58);
INSERT INTO PurchaseDetails (purchID, bookId, qty, price) VALUES (28,4,6,30.09);
INSERT INTO PurchaseDetails (purchID, bookId, qty, price) VALUES (29,158,2,134.29);
INSERT INTO PurchaseDetails (purchID, bookId, qty, price) VALUES (30,115,5,124.33);
INSERT INTO PurchaseDetails (purchID, bookId, qty, price) VALUES (31,41,6,75.80);
INSERT INTO PurchaseDetails (purchID, bookId, qty, price) VALUES (32,154,10,38.47);
INSERT INTO PurchaseDetails (purchID, bookId, qty, price) VALUES (33,184,10,9.64);
INSERT INTO PurchaseDetails (purchID, bookId, qty, price) VALUES (34,139,3,190.32);
INSERT INTO PurchaseDetails (purchID, bookId, qty, price) VALUES (35,162,10,21.34);
INSERT INTO PurchaseDetails (purchID, bookId, qty, price) VALUES (36,181,1,96.44);
INSERT INTO PurchaseDetails (purchID, bookId, qty, price) VALUES (37,165,3,28.56);
INSERT INTO PurchaseDetails (purchID, bookId, qty, price) VALUES (38,28,7,98.86);
INSERT INTO PurchaseDetails (purchID, bookId, qty, price) VALUES (39,192,4,184.45);
INSERT INTO PurchaseDetails (purchID, bookId, qty, price) VALUES (40,184,8,104.43);
INSERT INTO PurchaseDetails (purchID, bookId, qty, price) VALUES (41,21,10,80.52);
INSERT INTO PurchaseDetails (purchID, bookId, qty, price) VALUES (42,122,5,30.72);
INSERT INTO PurchaseDetails (purchID, bookId, qty, price) VALUES (43,59,6,150.28);
INSERT INTO PurchaseDetails (purchID, bookId, qty, price) VALUES (44,95,8,115.69);
INSERT INTO PurchaseDetails (purchID, bookId, qty, price) VALUES (45,104,7,157.84);
INSERT INTO PurchaseDetails (purchID, bookId, qty, price) VALUES (46,79,2,99.38);
INSERT INTO PurchaseDetails (purchID, bookId, qty, price) VALUES (47,115,10,169.28);
INSERT INTO PurchaseDetails (purchID, bookId, qty, price) VALUES (48,195,4,160.14);
INSERT INTO PurchaseDetails (purchID, bookId, qty, price) VALUES (49,56,7,164.28);
INSERT INTO PurchaseDetails (purchID, bookId, qty, price) VALUES (50,120,9,179.95);
INSERT INTO PurchaseDetails (purchID, bookId, qty, price) VALUES (51,45,5,150.41);
INSERT INTO PurchaseDetails (purchID, bookId, qty, price) VALUES (52,110,7,177.41);
INSERT INTO PurchaseDetails (purchID, bookId, qty, price) VALUES (53,59,4,136.45);
INSERT INTO PurchaseDetails (purchID, bookId, qty, price) VALUES (54,75,7,19.31);
INSERT INTO PurchaseDetails (purchID, bookId, qty, price) VALUES (55,165,7,95.70);
INSERT INTO PurchaseDetails (purchID, bookId, qty, price) VALUES (56,105,1,75.07);
INSERT INTO PurchaseDetails (purchID, bookId, qty, price) VALUES (57,31,8,65.21);
INSERT INTO PurchaseDetails (purchID, bookId, qty, price) VALUES (58,11,5,174.22);
INSERT INTO PurchaseDetails (purchID, bookId, qty, price) VALUES (59,165,9,95.49);
INSERT INTO PurchaseDetails (purchID, bookId, qty, price) VALUES (60,58,6,34.87);
INSERT INTO PurchaseDetails (purchID, bookId, qty, price) VALUES (61,91,1,153.45);
INSERT INTO PurchaseDetails (purchID, bookId, qty, price) VALUES (62,186,7,92.26);
INSERT INTO PurchaseDetails (purchID, bookId, qty, price) VALUES (63,120,6,37.30);
INSERT INTO PurchaseDetails (purchID, bookId, qty, price) VALUES (64,97,5,92.43);
INSERT INTO PurchaseDetails (purchID, bookId, qty, price) VALUES (65,140,9,79.46);
INSERT INTO PurchaseDetails (purchID, bookId, qty, price) VALUES (66,118,8,35.25);
INSERT INTO PurchaseDetails (purchID, bookId, qty, price) VALUES (67,167,4,75.71);
INSERT INTO PurchaseDetails (purchID, bookId, qty, price) VALUES (68,183,4,155.20);
INSERT INTO PurchaseDetails (purchID, bookId, qty, price) VALUES (69,9,1,21.56);
INSERT INTO PurchaseDetails (purchID, bookId, qty, price) VALUES (70,45,8,89.89);
INSERT INTO PurchaseDetails (purchID, bookId, qty, price) VALUES (71,157,6,62.23);
INSERT INTO PurchaseDetails (purchID, bookId, qty, price) VALUES (72,198,7,12.05);
INSERT INTO PurchaseDetails (purchID, bookId, qty, price) VALUES (73,145,4,40.30);
INSERT INTO PurchaseDetails (purchID, bookId, qty, price) VALUES (74,86,5,101.02);
INSERT INTO PurchaseDetails (purchID, bookId, qty, price) VALUES (75,139,5,152.36);
INSERT INTO PurchaseDetails (purchID, bookId, qty, price) VALUES (76,112,7,149.51);
INSERT INTO PurchaseDetails (purchID, bookId, qty, price) VALUES (77,51,1,125.41);
INSERT INTO PurchaseDetails (purchID, bookId, qty, price) VALUES (78,26,2,60.91);
INSERT INTO PurchaseDetails (purchID, bookId, qty, price) VALUES (79,149,3,186.47);
INSERT INTO PurchaseDetails (purchID, bookId, qty, price) VALUES (80,108,10,141.16);
INSERT INTO PurchaseDetails (purchID, bookId, qty, price) VALUES (81,11,9,5.66);
INSERT INTO PurchaseDetails (purchID, bookId, qty, price) VALUES (82,56,3,86.63);
INSERT INTO PurchaseDetails (purchID, bookId, qty, price) VALUES (83,154,7,27.87);
INSERT INTO PurchaseDetails (purchID, bookId, qty, price) VALUES (84,10,4,148.26);
INSERT INTO PurchaseDetails (purchID, bookId, qty, price) VALUES (85,180,3,62.53);
INSERT INTO PurchaseDetails (purchID, bookId, qty, price) VALUES (86,3,6,141.55);
INSERT INTO PurchaseDetails (purchID, bookId, qty, price) VALUES (87,13,8,53.75);
INSERT INTO PurchaseDetails (purchID, bookId, qty, price) VALUES (88,62,5,57.04);
INSERT INTO PurchaseDetails (purchID, bookId, qty, price) VALUES (89,71,9,77.78);
INSERT INTO PurchaseDetails (purchID, bookId, qty, price) VALUES (90,148,1,41.28);
INSERT INTO PurchaseDetails (purchID, bookId, qty, price) VALUES (91,50,7,194.19);
INSERT INTO PurchaseDetails (purchID, bookId, qty, price) VALUES (92,54,8,19.48);
INSERT INTO PurchaseDetails (purchID, bookId, qty, price) VALUES (93,190,10,161.07);
INSERT INTO PurchaseDetails (purchID, bookId, qty, price) VALUES (94,180,5,167.59);
INSERT INTO PurchaseDetails (purchID, bookId, qty, price) VALUES (95,112,1,97.78);
INSERT INTO PurchaseDetails (purchID, bookId, qty, price) VALUES (96,179,2,105.80);
INSERT INTO PurchaseDetails (purchID, bookId, qty, price) VALUES (97,145,9,115.02);
INSERT INTO PurchaseDetails (purchID, bookId, qty, price) VALUES (98,83,8,66.62);
INSERT INTO PurchaseDetails (purchID, bookId, qty, price) VALUES (99,12,8,49.58);
INSERT INTO PurchaseDetails (purchID, bookId, qty, price) VALUES (100,192,2,175.98);
INSERT INTO PurchaseDetails (purchID, bookId, qty, price) VALUES (101,13,2,112.76);
INSERT INTO PurchaseDetails (purchID, bookId, qty, price) VALUES (102,28,4,51.00);
INSERT INTO PurchaseDetails (purchID, bookId, qty, price) VALUES (103,63,5,51.49);
INSERT INTO PurchaseDetails (purchID, bookId, qty, price) VALUES (104,47,6,36.71);
INSERT INTO PurchaseDetails (purchID, bookId, qty, price) VALUES (105,57,8,160.62);
INSERT INTO PurchaseDetails (purchID, bookId, qty, price) VALUES (106,114,7,127.25);
INSERT INTO PurchaseDetails (purchID, bookId, qty, price) VALUES (107,119,10,116.03);
INSERT INTO PurchaseDetails (purchID, bookId, qty, price) VALUES (108,46,6,155.77);
INSERT INTO PurchaseDetails (purchID, bookId, qty, price) VALUES (109,125,5,42.38);
INSERT INTO PurchaseDetails (purchID, bookId, qty, price) VALUES (110,167,5,50.89);
INSERT INTO PurchaseDetails (purchID, bookId, qty, price) VALUES (111,142,10,172.26);
INSERT INTO PurchaseDetails (purchID, bookId, qty, price) VALUES (112,57,9,189.21);
INSERT INTO PurchaseDetails (purchID, bookId, qty, price) VALUES (113,158,9,63.57);
INSERT INTO PurchaseDetails (purchID, bookId, qty, price) VALUES (114,80,9,32.02);
INSERT INTO PurchaseDetails (purchID, bookId, qty, price) VALUES (115,91,8,111.95);
INSERT INTO PurchaseDetails (purchID, bookId, qty, price) VALUES (116,103,3,104.20);
INSERT INTO PurchaseDetails (purchID, bookId, qty, price) VALUES (117,99,7,65.70);
INSERT INTO PurchaseDetails (purchID, bookId, qty, price) VALUES (118,140,2,188.37);
INSERT INTO PurchaseDetails (purchID, bookId, qty, price) VALUES (119,71,2,41.42);
INSERT INTO PurchaseDetails (purchID, bookId, qty, price) VALUES (120,55,9,3.27);
INSERT INTO PurchaseDetails (purchID, bookId, qty, price) VALUES (121,176,3,56.85);
INSERT INTO PurchaseDetails (purchID, bookId, qty, price) VALUES (122,128,1,154.69);
INSERT INTO PurchaseDetails (purchID, bookId, qty, price) VALUES (123,154,9,110.95);
INSERT INTO PurchaseDetails (purchID, bookId, qty, price) VALUES (124,44,7,110.30);
INSERT INTO PurchaseDetails (purchID, bookId, qty, price) VALUES (125,191,2,92.43);
INSERT INTO PurchaseDetails (purchID, bookId, qty, price) VALUES (126,121,6,142.32);
INSERT INTO PurchaseDetails (purchID, bookId, qty, price) VALUES (127,46,1,90.74);
INSERT INTO PurchaseDetails (purchID, bookId, qty, price) VALUES (128,169,4,30.11);
INSERT INTO PurchaseDetails (purchID, bookId, qty, price) VALUES (129,118,9,94.14);
INSERT INTO PurchaseDetails (purchID, bookId, qty, price) VALUES (130,37,7,2.32);
INSERT INTO PurchaseDetails (purchID, bookId, qty, price) VALUES (131,163,3,31.48);
INSERT INTO PurchaseDetails (purchID, bookId, qty, price) VALUES (132,112,3,18.14);
INSERT INTO PurchaseDetails (purchID, bookId, qty, price) VALUES (133,92,3,108.77);
INSERT INTO PurchaseDetails (purchID, bookId, qty, price) VALUES (134,139,6,159.78);
INSERT INTO PurchaseDetails (purchID, bookId, qty, price) VALUES (135,185,10,134.10);
INSERT INTO PurchaseDetails (purchID, bookId, qty, price) VALUES (136,193,10,71.84);
INSERT INTO PurchaseDetails (purchID, bookId, qty, price) VALUES (137,84,2,145.86);
INSERT INTO PurchaseDetails (purchID, bookId, qty, price) VALUES (138,44,1,198.22);
INSERT INTO PurchaseDetails (purchID, bookId, qty, price) VALUES (139,58,6,3.86);
INSERT INTO PurchaseDetails (purchID, bookId, qty, price) VALUES (140,122,3,168.11);
INSERT INTO PurchaseDetails (purchID, bookId, qty, price) VALUES (141,72,6,18.79);
INSERT INTO PurchaseDetails (purchID, bookId, qty, price) VALUES (142,80,5,50.56);
INSERT INTO PurchaseDetails (purchID, bookId, qty, price) VALUES (143,16,5,114.58);
INSERT INTO PurchaseDetails (purchID, bookId, qty, price) VALUES (144,121,6,27.92);
INSERT INTO PurchaseDetails (purchID, bookId, qty, price) VALUES (145,160,5,64.95);
INSERT INTO PurchaseDetails (purchID, bookId, qty, price) VALUES (146,86,8,48.39);
INSERT INTO PurchaseDetails (purchID, bookId, qty, price) VALUES (147,57,6,125.68);
INSERT INTO PurchaseDetails (purchID, bookId, qty, price) VALUES (148,174,6,107.67);
INSERT INTO PurchaseDetails (purchID, bookId, qty, price) VALUES (149,173,9,66.87);
INSERT INTO PurchaseDetails (purchID, bookId, qty, price) VALUES (150,30,2,178.77);
INSERT INTO PurchaseDetails (purchID, bookId, qty, price) VALUES (151,76,9,22.79);
INSERT INTO PurchaseDetails (purchID, bookId, qty, price) VALUES (152,96,1,52.10);
INSERT INTO PurchaseDetails (purchID, bookId, qty, price) VALUES (153,9,9,93.62);
INSERT INTO PurchaseDetails (purchID, bookId, qty, price) VALUES (154,95,8,91.00);
INSERT INTO PurchaseDetails (purchID, bookId, qty, price) VALUES (155,112,1,67.68);
INSERT INTO PurchaseDetails (purchID, bookId, qty, price) VALUES (156,54,10,84.13);
INSERT INTO PurchaseDetails (purchID, bookId, qty, price) VALUES (157,88,5,43.86);
INSERT INTO PurchaseDetails (purchID, bookId, qty, price) VALUES (158,25,3,83.45);
INSERT INTO PurchaseDetails (purchID, bookId, qty, price) VALUES (159,132,1,106.23);
INSERT INTO PurchaseDetails (purchID, bookId, qty, price) VALUES (160,30,9,157.34);
INSERT INTO PurchaseDetails (purchID, bookId, qty, price) VALUES (161,156,2,5.05);
INSERT INTO PurchaseDetails (purchID, bookId, qty, price) VALUES (162,7,6,57.46);
INSERT INTO PurchaseDetails (purchID, bookId, qty, price) VALUES (163,191,7,47.62);
INSERT INTO PurchaseDetails (purchID, bookId, qty, price) VALUES (164,143,1,25.01);
INSERT INTO PurchaseDetails (purchID, bookId, qty, price) VALUES (165,147,8,65.32);
INSERT INTO PurchaseDetails (purchID, bookId, qty, price) VALUES (166,172,10,167.21);
INSERT INTO PurchaseDetails (purchID, bookId, qty, price) VALUES (167,104,2,33.24);
INSERT INTO PurchaseDetails (purchID, bookId, qty, price) VALUES (168,116,6,36.46);
INSERT INTO PurchaseDetails (purchID, bookId, qty, price) VALUES (169,170,10,54.39);
INSERT INTO PurchaseDetails (purchID, bookId, qty, price) VALUES (170,50,5,73.45);
INSERT INTO PurchaseDetails (purchID, bookId, qty, price) VALUES (171,171,9,188.81);
INSERT INTO PurchaseDetails (purchID, bookId, qty, price) VALUES (172,115,4,16.23);
INSERT INTO PurchaseDetails (purchID, bookId, qty, price) VALUES (173,57,7,2.60);
INSERT INTO PurchaseDetails (purchID, bookId, qty, price) VALUES (174,172,1,57.22);
INSERT INTO PurchaseDetails (purchID, bookId, qty, price) VALUES (175,48,6,152.33);
INSERT INTO PurchaseDetails (purchID, bookId, qty, price) VALUES (176,42,9,9.37);
INSERT INTO PurchaseDetails (purchID, bookId, qty, price) VALUES (177,29,4,52.16);
INSERT INTO PurchaseDetails (purchID, bookId, qty, price) VALUES (178,130,9,128.65);
INSERT INTO PurchaseDetails (purchID, bookId, qty, price) VALUES (179,157,4,123.98);
INSERT INTO PurchaseDetails (purchID, bookId, qty, price) VALUES (180,25,9,70.90);
INSERT INTO PurchaseDetails (purchID, bookId, qty, price) VALUES (181,17,3,129.94);
INSERT INTO PurchaseDetails (purchID, bookId, qty, price) VALUES (182,194,2,165.84);
INSERT INTO PurchaseDetails (purchID, bookId, qty, price) VALUES (183,160,4,11.34);
INSERT INTO PurchaseDetails (purchID, bookId, qty, price) VALUES (184,19,3,73.31);
INSERT INTO PurchaseDetails (purchID, bookId, qty, price) VALUES (185,198,8,193.81);
INSERT INTO PurchaseDetails (purchID, bookId, qty, price) VALUES (186,30,9,165.34);
INSERT INTO PurchaseDetails (purchID, bookId, qty, price) VALUES (187,65,7,146.85);
INSERT INTO PurchaseDetails (purchID, bookId, qty, price) VALUES (188,181,10,37.48);
INSERT INTO PurchaseDetails (purchID, bookId, qty, price) VALUES (189,108,3,69.57);
INSERT INTO PurchaseDetails (purchID, bookId, qty, price) VALUES (190,39,5,152.70);
INSERT INTO PurchaseDetails (purchID, bookId, qty, price) VALUES (191,23,5,194.62);
INSERT INTO PurchaseDetails (purchID, bookId, qty, price) VALUES (192,46,8,7.12);
INSERT INTO PurchaseDetails (purchID, bookId, qty, price) VALUES (193,132,4,142.69);
INSERT INTO PurchaseDetails (purchID, bookId, qty, price) VALUES (194,85,9,164.86);
INSERT INTO PurchaseDetails (purchID, bookId, qty, price) VALUES (195,112,9,150.16);
INSERT INTO PurchaseDetails (purchID, bookId, qty, price) VALUES (196,35,9,23.02);
INSERT INTO PurchaseDetails (purchID, bookId, qty, price) VALUES (197,197,5,117.34);
INSERT INTO PurchaseDetails (purchID, bookId, qty, price) VALUES (198,164,3,87.74);